{"type": "FeatureCollection","features": [
{"type": "Feature","properties":{"time":"2025-07-02T04:15:33.999Z","provider":"gps","time_long":1751429733999,"accuracy":2.6513124,"altitude":136.4181260196779,"bearing":254.65791,"speed":0.0},"geometry":{"type":"Point","coordinates":[139.3937775281608,35.70325100453476]}}
,{"type": "Feature","properties":{"time":"2025-07-02T04:15:46.368Z","provider":"network","time_long":1751429746368,"accuracy":35.388,"altitude":132.90000915527344},"geometry":{"type":"Point","coordinates":[139.3936773,35.7031569]}}
,{"type": "Feature","properties":{"time":"2025-07-02T04:15:51.000Z","provider":"gps","time_long":1751429751000,"accuracy":1.5355972,"altitude":136.41109062934916,"bearing":108.62852,"speed":1.5981216},"geometry":{"type":"Point","coordinates":[139.3938621921198,35.703132500508175]}}
,{"type": "Feature","properties":{"time":"2025-07-02T04:15:57.000Z","provider":"gps","time_long":1751429757000,"accuracy":1.2671294,"altitude":135.19013853972103,"bearing":113.49599,"speed":1.4174641},"geometry":{"type":"Point","coordinates":[139.39393225077094,35.70307858334151]}}
,{"type": "Feature","properties":{"time":"2025-07-02T04:16:03.000Z","provider":"gps","time_long":1751429763000,"accuracy":2.390699,"altitude":134.6110531806949,"bearing":103.38971,"speed":1.5153086},"geometry":{"type":"Point","coordinates":[139.39403414404237,35.70305838606301]}}
,{"type": "Feature","properties":{"time":"2025-07-02T04:16:09.000Z","provider":"gps","time_long":1751429769000,"accuracy":2.8625195,"altitude":134.1073169073103,"bearing":107.49321,"speed":1.612135},"geometry":{"type":"Point","coordinates":[139.39413965704674,35.703029171021576]}}
,{"type": "Feature","properties":{"time":"2025-07-02T04:16:15.000Z","provider":"gps","time_long":1751429775000,"accuracy":3.0920985,"altitude":133.54409696201273,"bearing":105.06769,"speed":1.6891613},"geometry":{"type":"Point","coordinates":[139.39425513981385,35.703003894933204]}}
,{"type": "Feature","properties":{"time":"2025-07-02T04:16:21.000Z","provider":"gps","time_long":1751429781000,"accuracy":3.0913677,"altitude":133.3822723891262,"bearing":162.15616,"speed":1.4396893},"geometry":{"type":"Point","coordinates":[139.39429593029809,35.702955457386]}}
,{"type": "Feature","properties":{"time":"2025-07-02T04:16:27.000Z","provider":"gps","time_long":1751429787000,"accuracy":3.103295,"altitude":133.12682113817297,"bearing":153.61884,"speed":1.4181372},"geometry":{"type":"Point","coordinates":[139.39432456047894,35.70288498160331]}}
,{"type": "Feature","properties":{"time":"2025-07-02T04:16:33.000Z","provider":"gps","time_long":1751429793000,"accuracy":3.652182,"altitude":131.64169055826682,"bearing":193.57254,"speed":1.5650806},"geometry":{"type":"Point","coordinates":[139.39431299849866,35.702793457386335]}}
,{"type": "Feature","properties":{"time":"2025-07-02T04:16:39.000Z","provider":"gps","time_long":1751429799000,"accuracy":3.5750976,"altitude":130.5315797708908,"bearing":185.89696,"speed":1.7275932},"geometry":{"type":"Point","coordinates":[139.39426763444825,35.702696365247455]}}
,{"type": "Feature","properties":{"time":"2025-07-02T04:16:45.000Z","provider":"gps","time_long":1751429805000,"accuracy":2.755242,"altitude":131.07035778761966,"bearing":197.05688,"speed":1.6258072},"geometry":{"type":"Point","coordinates":[139.39423474437885,35.70262098194931]}}
,{"type": "Feature","properties":{"time":"2025-07-02T04:16:51.000Z","provider":"gps","time_long":1751429811000,"accuracy":2.8948896,"altitude":131.69896365939763,"bearing":189.49136,"speed":1.6157595},"geometry":{"type":"Point","coordinates":[139.39417930212983,35.702547042313775]}}
,{"type": "Feature","properties":{"time":"2025-07-02T04:16:57.000Z","provider":"gps","time_long":1751429817000,"accuracy":3.4310265,"altitude":131.97300355277665,"bearing":198.64575,"speed":1.8455344},"geometry":{"type":"Point","coordinates":[139.3941580669247,35.70243769606242]}}
,{"type": "Feature","properties":{"time":"2025-07-02T04:17:03.000Z","provider":"gps","time_long":1751429823000,"accuracy":2.946941,"altitude":134.69485107347444,"bearing":192.26834,"speed":1.8261576},"geometry":{"type":"Point","coordinates":[139.39419228150012,35.70234189574637]}}
,{"type": "Feature","properties":{"time":"2025-07-02T04:17:09.000Z","provider":"gps","time_long":1751429829000,"accuracy":2.864642,"altitude":135.65276713309711,"bearing":191.81273,"speed":1.6892743},"geometry":{"type":"Point","coordinates":[139.3941107244905,35.70230182330612]}}
,{"type": "Feature","properties":{"time":"2025-07-02T04:17:15.000Z","provider":"gps","time_long":1751429835000,"accuracy":3.0053606,"altitude":139.42013587785607,"bearing":200.65288,"speed":1.8410447},"geometry":{"type":"Point","coordinates":[139.39403312343242,35.70219400659607]}}
,{"type": "Feature","properties":{"time":"2025-07-02T04:17:20.900Z","provider":"network","time_long":1751429840900,"accuracy":13.026,"altitude":133.50001525878906},"geometry":{"type":"Point","coordinates":[139.3939588,35.7021524]}}
,{"type": "Feature","properties":{"time":"2025-07-02T04:17:26.000Z","provider":"gps","time_long":1751429846000,"accuracy":2.762181,"altitude":139.87473787480425,"bearing":163.49435,"speed":1.4007447},"geometry":{"type":"Point","coordinates":[139.39395585903884,35.70209949089303]}}
,{"type": "Feature","properties":{"time":"2025-07-02T04:17:32.000Z","provider":"gps","time_long":1751429852000,"accuracy":2.4474225,"altitude":140.83207102421807,"bearing":194.922,"speed":0.31083897},"geometry":{"type":"Point","coordinates":[139.39393005665923,35.702028754748696]}}
,{"type": "Feature","properties":{"time":"2025-07-02T04:17:38.000Z","provider":"gps","time_long":1751429858000,"accuracy":2.7221172,"altitude":138.11828895137415,"bearing":105.8373,"speed":2.4180152},"geometry":{"type":"Point","coordinates":[139.39411346896455,35.70197300214223]}}
,{"type": "Feature","properties":{"time":"2025-07-02T04:17:44.000Z","provider":"gps","time_long":1751429864000,"accuracy":2.75107,"altitude":137.13759828393796,"bearing":101.861145,"speed":1.5010823},"geometry":{"type":"Point","coordinates":[139.3941736374432,35.70195551590628]}}
,{"type": "Feature","properties":{"time":"2025-07-02T04:17:50.000Z","provider":"gps","time_long":1751429870000,"accuracy":2.7219808,"altitude":136.13766852135674,"bearing":97.63289,"speed":1.6072752},"geometry":{"type":"Point","coordinates":[139.39428728260094,35.70191822800255]}}
,{"type": "Feature","properties":{"time":"2025-07-02T04:17:56.000Z","provider":"gps","time_long":1751429876000,"accuracy":2.78832,"altitude":136.08273037395057,"bearing":108.65783,"speed":1.7385755},"geometry":{"type":"Point","coordinates":[139.3943930644807,35.70187424405015]}}
,{"type": "Feature","properties":{"time":"2025-07-02T04:18:02.000Z","provider":"gps","time_long":1751429882000,"accuracy":2.8498442,"altitude":134.61542478978728,"bearing":113.72576,"speed":1.5238442},"geometry":{"type":"Point","coordinates":[139.39447016354518,35.701864276955114]}}
,{"type": "Feature","properties":{"time":"2025-07-02T04:18:08.000Z","provider":"gps","time_long":1751429888000,"accuracy":2.981562,"altitude":136.67122282122176,"bearing":118.62009,"speed":1.2139026},"geometry":{"type":"Point","coordinates":[139.39453774892246,35.70183830872025]}}
,{"type": "Feature","properties":{"time":"2025-07-02T04:18:14.000Z","provider":"gps","time_long":1751429894000,"accuracy":3.12141,"altitude":137.9792886905323,"bearing":118.64053,"speed":1.747798},"geometry":{"type":"Point","coordinates":[139.39466225475206,35.7017913201797]}}
,{"type": "Feature","properties":{"time":"2025-07-02T04:18:20.000Z","provider":"gps","time_long":1751429900000,"accuracy":2.6555748,"altitude":138.5642084636112,"bearing":298.36252,"speed":1.4353153},"geometry":{"type":"Point","coordinates":[139.39471554319246,35.701827810772116]}}
,{"type": "Feature","properties":{"time":"2025-07-02T04:18:32.000Z","provider":"gps","time_long":1751429912000,"accuracy":2.516761,"altitude":140.60792149543386,"bearing":119.7011,"speed":1.9002206},"geometry":{"type":"Point","coordinates":[139.39480463978967,35.70177217024275]}}
,{"type": "Feature","properties":{"time":"2025-07-02T04:18:38.000Z","provider":"gps","time_long":1751429918000,"accuracy":2.8577926,"altitude":138.50095840049633,"bearing":135.38794,"speed":1.4648558},"geometry":{"type":"Point","coordinates":[139.3948497851557,35.70171661380944]}}
,{"type": "Feature","properties":{"time":"2025-07-02T04:18:44.000Z","provider":"gps","time_long":1751429924000,"accuracy":2.8808074,"altitude":135.96591910454893,"bearing":98.16077,"speed":1.443852},"geometry":{"type":"Point","coordinates":[139.39495437232816,35.701710067570545]}}
,{"type": "Feature","properties":{"time":"2025-07-02T04:18:50.000Z","provider":"gps","time_long":1751429930000,"accuracy":3.0514162,"altitude":137.3022097770761,"bearing":117.41535,"speed":1.6024811},"geometry":{"type":"Point","coordinates":[139.39507209375867,35.70166639486186]}}
,{"type": "Feature","properties":{"time":"2025-07-02T04:18:57.148Z","provider":"network","time_long":1751429937148,"accuracy":13.522,"altitude":133.20001220703125},"geometry":{"type":"Point","coordinates":[139.395101,35.7016101]}}
,{"type": "Feature","properties":{"time":"2025-07-02T04:19:02.000Z","provider":"gps","time_long":1751429942000,"accuracy":2.9582782,"altitude":136.00479793727786,"bearing":105.26489,"speed":1.7543256},"geometry":{"type":"Point","coordinates":[139.39526726816524,35.70161657713675]}}
,{"type": "Feature","properties":{"time":"2025-07-02T04:19:08.000Z","provider":"gps","time_long":1751429948000,"accuracy":2.8247757,"altitude":136.2591065282107,"bearing":115.91197,"speed":1.7020613},"geometry":{"type":"Point","coordinates":[139.39535490887351,35.70156953006998]}}
,{"type": "Feature","properties":{"time":"2025-07-02T04:19:14.000Z","provider":"gps","time_long":1751429954000,"accuracy":2.8613214,"altitude":136.7997711972926,"bearing":103.78736,"speed":1.5406504},"geometry":{"type":"Point","coordinates":[139.39543145148838,35.701522373047865]}}
,{"type": "Feature","properties":{"time":"2025-07-02T04:19:20.956Z","provider":"network","time_long":1751429960956,"accuracy":21.058,"altitude":132.90000915527344},"geometry":{"type":"Point","coordinates":[139.3955706,35.7015641]}}
,{"type": "Feature","properties":{"time":"2025-07-02T04:19:25.000Z","provider":"gps","time_long":1751429965000,"accuracy":2.8909607,"altitude":139.34138372004531,"bearing":106.75541,"speed":1.737337},"geometry":{"type":"Point","coordinates":[139.395627076692,35.701466034908634]}}
,{"type": "Feature","properties":{"time":"2025-07-02T04:19:31.000Z","provider":"gps","time_long":1751429971000,"accuracy":2.4893768,"altitude":138.49931866520456,"bearing":120.724335,"speed":1.8083051},"geometry":{"type":"Point","coordinates":[139.39572246558058,35.70142015593406]}}
,{"type": "Feature","properties":{"time":"2025-07-02T04:19:37.000Z","provider":"gps","time_long":1751429977000,"accuracy":2.6010184,"altitude":136.3440999403171,"bearing":109.96854,"speed":1.7999938},"geometry":{"type":"Point","coordinates":[139.3958218572251,35.701391242730665]}}
,{"type": "Feature","properties":{"time":"2025-07-02T04:19:43.000Z","provider":"gps","time_long":1751429983000,"accuracy":2.6801627,"altitude":134.41320921491157,"bearing":114.99726,"speed":1.7783406},"geometry":{"type":"Point","coordinates":[139.39591420730974,35.70135019358001]}}
,{"type": "Feature","properties":{"time":"2025-07-02T04:19:49.000Z","provider":"gps","time_long":1751429989000,"accuracy":2.6210241,"altitude":134.14715215147382,"bearing":122.33709,"speed":1.6867669},"geometry":{"type":"Point","coordinates":[139.39601638159021,35.70134955033684]}}
,{"type": "Feature","properties":{"time":"2025-07-02T04:19:55.000Z","provider":"gps","time_long":1751429995000,"accuracy":2.7736387,"altitude":134.45493035947493,"bearing":122.816826,"speed":1.4411085},"geometry":{"type":"Point","coordinates":[139.39607595027763,35.70130876803571]}}
,{"type": "Feature","properties":{"time":"2025-07-02T04:20:01.000Z","provider":"gps","time_long":1751430001000,"accuracy":2.4429927,"altitude":134.23562103179907,"bearing":103.231346,"speed":1.5293504},"geometry":{"type":"Point","coordinates":[139.39617925027085,35.70129993546424]}}
,{"type": "Feature","properties":{"time":"2025-07-02T04:20:07.350Z","provider":"network","time_long":1751430007350,"accuracy":39.607002,"altitude":132.20001220703125},"geometry":{"type":"Point","coordinates":[139.3962594,35.7012969]}}
,{"type": "Feature","properties":{"time":"2025-07-02T04:20:12.000Z","provider":"gps","time_long":1751430012000,"accuracy":2.4466996,"altitude":134.53918689009308,"bearing":12.890227,"speed":1.8112377},"geometry":{"type":"Point","coordinates":[139.39622503483494,35.70141159020228]}}
,{"type": "Feature","properties":{"time":"2025-07-02T04:20:17.999Z","provider":"gps","time_long":1751430017999,"accuracy":2.2969842,"altitude":135.25444103567045,"bearing":11.043883,"speed":1.5613428},"geometry":{"type":"Point","coordinates":[139.39624506693755,35.701477572724656]}}
,{"type": "Feature","properties":{"time":"2025-07-02T04:20:30.336Z","provider":"network","time_long":1751430030336,"accuracy":38.912,"altitude":132.00001525878906},"geometry":{"type":"Point","coordinates":[139.396308,35.7013959]}}
,{"type": "Feature","properties":{"time":"2025-07-02T04:20:34.999Z","provider":"gps","time_long":1751430034999,"accuracy":2.3716125,"altitude":134.60399590778079,"bearing":188.24355,"speed":1.3972485},"geometry":{"type":"Point","coordinates":[139.3961947724323,35.701337873125624]}}
,{"type": "Feature","properties":{"time":"2025-07-02T04:20:40.999Z","provider":"gps","time_long":1751430040999,"accuracy":2.4312897,"altitude":133.44886780241987,"bearing":195.70142,"speed":0.24893054},"geometry":{"type":"Point","coordinates":[139.39619491943964,35.70128873955659]}}
,{"type": "Feature","properties":{"time":"2025-07-02T04:20:46.999Z","provider":"gps","time_long":1751430046999,"accuracy":2.3422084,"altitude":136.1067727435762,"bearing":136.92262,"speed":1.8303509},"geometry":{"type":"Point","coordinates":[139.39621244880112,35.70120541316044]}}
,{"type": "Feature","properties":{"time":"2025-07-02T04:20:52.999Z","provider":"gps","time_long":1751430052999,"accuracy":2.5738354,"altitude":136.72284586887474,"bearing":105.450226,"speed":1.7664492},"geometry":{"type":"Point","coordinates":[139.39632898185596,35.70116227455261]}}
,{"type": "Feature","properties":{"time":"2025-07-02T04:20:58.999Z","provider":"gps","time_long":1751430058999,"accuracy":2.7380297,"altitude":137.96324203987547,"bearing":109.659065,"speed":1.7523975},"geometry":{"type":"Point","coordinates":[139.39642487304607,35.70111383455502]}}
,{"type": "Feature","properties":{"time":"2025-07-02T04:21:04.999Z","provider":"gps","time_long":1751430064999,"accuracy":2.7993298,"altitude":135.25506821868646,"bearing":114.02997,"speed":1.8465753},"geometry":{"type":"Point","coordinates":[139.39653341164967,35.70108211709159]}}
,{"type": "Feature","properties":{"time":"2025-07-02T04:21:08.328Z","provider":"network","time_long":1751430068328,"accuracy":24.326,"altitude":131.40000915527344},"geometry":{"type":"Point","coordinates":[139.3967932,35.7009965]}}
,{"type": "Feature","properties":{"time":"2025-07-02T04:21:15.999Z","provider":"gps","time_long":1751430075999,"accuracy":2.9026632,"altitude":137.566063644232,"bearing":206.94861,"speed":1.5541223},"geometry":{"type":"Point","coordinates":[139.39656841613848,35.700948677658]}}
,{"type": "Feature","properties":{"time":"2025-07-02T04:21:21.999Z","provider":"gps","time_long":1751430081999,"accuracy":2.5732017,"altitude":143.7536971089984,"bearing":183.71075,"speed":1.1677028},"geometry":{"type":"Point","coordinates":[139.39656753793744,35.70090254946095]}}
,{"type": "Feature","properties":{"time":"2025-07-02T04:21:27.999Z","provider":"gps","time_long":1751430087999,"accuracy":2.3222477,"altitude":140.49673068922556,"bearing":199.4937,"speed":1.5552793},"geometry":{"type":"Point","coordinates":[139.39655474479628,35.70078553216863]}}
,{"type": "Feature","properties":{"time":"2025-07-02T04:21:35.166Z","provider":"network","time_long":1751430095166,"accuracy":12.858,"altitude":131.50001525878906},"geometry":{"type":"Point","coordinates":[139.3965477,35.7007235]}}
,{"type": "Feature","properties":{"time":"2025-07-02T04:21:39.999Z","provider":"gps","time_long":1751430099999,"accuracy":2.5059748,"altitude":136.72358052464023,"bearing":190.96153,"speed":1.9535637},"geometry":{"type":"Point","coordinates":[139.3964882620268,35.700574652579]}}
,{"type": "Feature","properties":{"time":"2025-07-02T04:21:45.999Z","provider":"gps","time_long":1751430105999,"accuracy":2.2258677,"altitude":134.47822032354,"bearing":189.81236,"speed":2.0059233},"geometry":{"type":"Point","coordinates":[139.39643937946985,35.700485586380275]}}
,{"type": "Feature","properties":{"time":"2025-07-02T04:21:51.999Z","provider":"gps","time_long":1751430111999,"accuracy":2.3117461,"altitude":134.82057139538904,"bearing":187.16637,"speed":1.9160614},"geometry":{"type":"Point","coordinates":[139.39642862651095,35.700399487913295]}}
,{"type": "Feature","properties":{"time":"2025-07-02T04:21:57.999Z","provider":"gps","time_long":1751430117999,"accuracy":2.4840715,"altitude":135.06110962906473,"bearing":203.95535,"speed":1.7463378},"geometry":{"type":"Point","coordinates":[139.3963921440944,35.70032568680175]}}
,{"type": "Feature","properties":{"time":"2025-07-02T04:22:03.999Z","provider":"gps","time_long":1751430123999,"accuracy":2.3579292,"altitude":136.2353406265912,"bearing":182.03287,"speed":1.1620812},"geometry":{"type":"Point","coordinates":[139.39637703226677,35.70027580518517]}}
,{"type": "Feature","properties":{"time":"2025-07-02T04:22:09.999Z","provider":"gps","time_long":1751430129999,"accuracy":2.2215166,"altitude":137.34023001041695,"bearing":188.02394,"speed":1.2485507},"geometry":{"type":"Point","coordinates":[139.39635187472533,35.70020721234103]}}
,{"type": "Feature","properties":{"time":"2025-07-02T04:22:15.999Z","provider":"gps","time_long":1751430135999,"accuracy":2.1995049,"altitude":134.1985327809693,"bearing":185.64278,"speed":1.9361452},"geometry":{"type":"Point","coordinates":[139.39633502921447,35.700072004347284]}}
,{"type": "Feature","properties":{"time":"2025-07-02T04:22:21.999Z","provider":"gps","time_long":1751430141999,"accuracy":2.2038941,"altitude":132.7336849045097,"bearing":197.94525,"speed":1.8486452},"geometry":{"type":"Point","coordinates":[139.39630167892702,35.699984165668454]}}
,{"type": "Feature","properties":{"time":"2025-07-02T04:22:27.999Z","provider":"gps","time_long":1751430147999,"accuracy":2.4370205,"altitude":132.07047867888102,"bearing":192.54503,"speed":1.6478266},"geometry":{"type":"Point","coordinates":[139.396295951987,35.69991302475778]}}
,{"type": "Feature","properties":{"time":"2025-07-02T04:22:33.999Z","provider":"gps","time_long":1751430153999,"accuracy":2.3632655,"altitude":133.03194331450524,"bearing":207.7098,"speed":1.57071},"geometry":{"type":"Point","coordinates":[139.39627173172505,35.69984219222796]}}
,{"type": "Feature","properties":{"time":"2025-07-02T04:22:39.999Z","provider":"gps","time_long":1751430159999,"accuracy":2.2430553,"altitude":132.28610310648955,"bearing":190.80661,"speed":1.3982564},"geometry":{"type":"Point","coordinates":[139.3962418202031,35.69979207912448]}}
,{"type": "Feature","properties":{"time":"2025-07-02T04:22:45.999Z","provider":"gps","time_long":1751430165999,"accuracy":2.2257533,"altitude":133.9053204797114,"bearing":186.41663,"speed":1.5451813},"geometry":{"type":"Point","coordinates":[139.39621357283468,35.69969738998686]}}
,{"type": "Feature","properties":{"time":"2025-07-02T04:22:51.999Z","provider":"gps","time_long":1751430171999,"accuracy":2.2990391,"altitude":133.5451626137269,"bearing":185.2634,"speed":1.8431039},"geometry":{"type":"Point","coordinates":[139.39619362374646,35.69958224646127]}}
,{"type": "Feature","properties":{"time":"2025-07-02T04:22:57.999Z","provider":"gps","time_long":1751430177999,"accuracy":2.3218322,"altitude":132.48268921535944,"bearing":191.16313,"speed":2.0077972},"geometry":{"type":"Point","coordinates":[139.39617872940224,35.69947630411327]}}
,{"type": "Feature","properties":{"time":"2025-07-02T04:23:03.999Z","provider":"gps","time_long":1751430183999,"accuracy":2.3954346,"altitude":132.89434927732177,"bearing":195.34479,"speed":1.7542741},"geometry":{"type":"Point","coordinates":[139.39614194371424,35.69941221222248]}}
,{"type": "Feature","properties":{"time":"2025-07-02T04:23:09.999Z","provider":"gps","time_long":1751430189999,"accuracy":2.3256757,"altitude":134.08460167969767,"bearing":220.07133,"speed":1.4574103},"geometry":{"type":"Point","coordinates":[139.39612500106801,35.699355097092926]}}
,{"type": "Feature","properties":{"time":"2025-07-02T04:23:15.999Z","provider":"gps","time_long":1751430195999,"accuracy":2.5347729,"altitude":136.0592048607083,"bearing":219.13754,"speed":1.3327672},"geometry":{"type":"Point","coordinates":[139.39610414652077,35.69928678794444]}}
,{"type": "Feature","properties":{"time":"2025-07-02T04:23:21.999Z","provider":"gps","time_long":1751430201999,"accuracy":2.4032173,"altitude":136.41359311146567,"bearing":185.1393,"speed":1.5037761},"geometry":{"type":"Point","coordinates":[139.39609719926656,35.699181937953504]}}
,{"type": "Feature","properties":{"time":"2025-07-02T04:23:27.999Z","provider":"gps","time_long":1751430207999,"accuracy":2.4602861,"altitude":132.9899314149854,"bearing":176.96707,"speed":1.7597536},"geometry":{"type":"Point","coordinates":[139.39607583958482,35.69906579315248]}}
,{"type": "Feature","properties":{"time":"2025-07-02T04:23:33.999Z","provider":"gps","time_long":1751430213999,"accuracy":2.4517987,"altitude":130.5908551985655,"bearing":211.69754,"speed":1.7058432},"geometry":{"type":"Point","coordinates":[139.3960379642008,35.698998195731406]}}
,{"type": "Feature","properties":{"time":"2025-07-02T04:23:39.999Z","provider":"gps","time_long":1751430219999,"accuracy":2.2696042,"altitude":130.29260784062419,"bearing":240.02353,"speed":1.2580642},"geometry":{"type":"Point","coordinates":[139.39595954479105,35.69899791952597]}}
,{"type": "Feature","properties":{"time":"2025-07-02T04:23:51.999Z","provider":"gps","time_long":1751430231999,"accuracy":2.5408893,"altitude":132.8017915278752,"bearing":203.26268,"speed":1.3597546},"geometry":{"type":"Point","coordinates":[139.39593916148132,35.69891608806443]}}
,{"type": "Feature","properties":{"time":"2025-07-02T04:23:57.999Z","provider":"gps","time_long":1751430237999,"accuracy":3.0425072,"altitude":132.9355841388331,"bearing":156.32555,"speed":1.3691096},"geometry":{"type":"Point","coordinates":[139.39595641066992,35.69883278087345]}}
,{"type": "Feature","properties":{"time":"2025-07-02T04:24:03.999Z","provider":"gps","time_long":1751430243999,"accuracy":3.0152965,"altitude":131.68564298636866,"bearing":185.46638,"speed":0.19495052},"geometry":{"type":"Point","coordinates":[139.39596614239323,35.698781368667824]}}
,{"type": "Feature","properties":{"time":"2025-07-02T04:24:09.999Z","provider":"gps","time_long":1751430249999,"accuracy":2.698378,"altitude":135.80313200673356,"bearing":162.77905,"speed":0.27164775},"geometry":{"type":"Point","coordinates":[139.3960051689765,35.69869154323151]}}
,{"type": "Feature","properties":{"time":"2025-07-02T04:24:15.999Z","provider":"gps","time_long":1751430255999,"accuracy":2.6349006,"altitude":135.7005410157948,"bearing":196.48552,"speed":1.8636242},"geometry":{"type":"Point","coordinates":[139.39597773466056,35.69854449647771]}}
,{"type": "Feature","properties":{"time":"2025-07-02T04:24:21.999Z","provider":"gps","time_long":1751430261999,"accuracy":2.405048,"altitude":135.67446559294368,"bearing":191.83313,"speed":1.9394147},"geometry":{"type":"Point","coordinates":[139.39592670167187,35.69844365133127]}}
,{"type": "Feature","properties":{"time":"2025-07-02T04:24:27.999Z","provider":"gps","time_long":1751430267999,"accuracy":2.554152,"altitude":135.27011869887176,"bearing":191.40364,"speed":1.8791018},"geometry":{"type":"Point","coordinates":[139.39588590800125,35.69836935523402]}}
,{"type": "Feature","properties":{"time":"2025-07-02T04:24:33.999Z","provider":"gps","time_long":1751430273999,"accuracy":2.6106753,"altitude":133.4840024207487,"bearing":203.14772,"speed":1.9949111},"geometry":{"type":"Point","coordinates":[139.39582949646967,35.69827240759954]}}
,{"type": "Feature","properties":{"time":"2025-07-02T04:24:39.999Z","provider":"gps","time_long":1751430279999,"accuracy":2.9212825,"altitude":134.0121917013092,"bearing":201.09663,"speed":1.777151},"geometry":{"type":"Point","coordinates":[139.39579650208594,35.69819811261847]}}
,{"type": "Feature","properties":{"time":"2025-07-02T04:24:46.000Z","provider":"gps","time_long":1751430286000,"accuracy":2.310236,"altitude":134.3867299761451,"bearing":203.18626,"speed":1.4022436},"geometry":{"type":"Point","coordinates":[139.39577962538087,35.69814837178435]}}
,{"type": "Feature","properties":{"time":"2025-07-02T04:24:52.000Z","provider":"gps","time_long":1751430292000,"accuracy":2.3555975,"altitude":133.15271797849024,"bearing":194.704,"speed":1.4814354},"geometry":{"type":"Point","coordinates":[139.39575231485867,35.69806017708672]}}
,{"type": "Feature","properties":{"time":"2025-07-02T04:24:58.000Z","provider":"gps","time_long":1751430298000,"accuracy":2.4952288,"altitude":132.46093790502098,"bearing":195.30482,"speed":1.6322732},"geometry":{"type":"Point","coordinates":[139.39570831107835,35.697972593500864]}}
,{"type": "Feature","properties":{"time":"2025-07-02T04:25:04.000Z","provider":"gps","time_long":1751430304000,"accuracy":2.544359,"altitude":132.93226287274555,"bearing":209.67068,"speed":1.8474705},"geometry":{"type":"Point","coordinates":[139.3956586445173,35.6978683622394]}}
,{"type": "Feature","properties":{"time":"2025-07-02T04:25:10.000Z","provider":"gps","time_long":1751430310000,"accuracy":2.6197321,"altitude":131.82508228553155,"bearing":212.67522,"speed":1.6701293},"geometry":{"type":"Point","coordinates":[139.3956265967861,35.6978034418397]}}
,{"type": "Feature","properties":{"time":"2025-07-02T04:25:16.000Z","provider":"gps","time_long":1751430316000,"accuracy":2.445818,"altitude":130.9982404658633,"bearing":203.56267,"speed":1.5649443},"geometry":{"type":"Point","coordinates":[139.39558695386515,35.6977352897398]}}
,{"type": "Feature","properties":{"time":"2025-07-02T04:25:22.000Z","provider":"gps","time_long":1751430322000,"accuracy":2.632314,"altitude":131.38158454838234,"bearing":200.71013,"speed":1.4511368},"geometry":{"type":"Point","coordinates":[139.39555008299493,35.69767173481989]}}
,{"type": "Feature","properties":{"time":"2025-07-02T04:25:27.794Z","provider":"network","time_long":1751430327794,"accuracy":20.148,"altitude":129.10000610351562},"geometry":{"type":"Point","coordinates":[139.3955396,35.6975473]}}
,{"type": "Feature","properties":{"time":"2025-07-02T04:25:33.000Z","provider":"gps","time_long":1751430333000,"accuracy":2.5539343,"altitude":132.10653722697148,"bearing":198.74072,"speed":1.7154677},"geometry":{"type":"Point","coordinates":[139.39548365583107,35.69750690040077]}}
,{"type": "Feature","properties":{"time":"2025-07-02T04:25:39.000Z","provider":"gps","time_long":1751430339000,"accuracy":3.0955615,"altitude":131.28948620565248,"bearing":222.90742,"speed":1.6180532},"geometry":{"type":"Point","coordinates":[139.39544369135476,35.69743165030801]}}
,{"type": "Feature","properties":{"time":"2025-07-02T04:25:45.000Z","provider":"gps","time_long":1751430345000,"accuracy":2.908883,"altitude":131.31042076385086,"bearing":205.39691,"speed":1.3553035},"geometry":{"type":"Point","coordinates":[139.3954073195351,35.69738045544808]}}
,{"type": "Feature","properties":{"time":"2025-07-02T04:25:52.131Z","provider":"network","time_long":1751430352131,"accuracy":15.766,"altitude":129.10000610351562},"geometry":{"type":"Point","coordinates":[139.3954933,35.6973322]}}
,{"type": "Feature","properties":{"time":"2025-07-02T04:25:57.000Z","provider":"gps","time_long":1751430357000,"accuracy":2.4237149,"altitude":132.2318292127074,"bearing":191.04237,"speed":1.7993944},"geometry":{"type":"Point","coordinates":[139.39534554942574,35.69718648785606]}}
,{"type": "Feature","properties":{"time":"2025-07-02T04:26:03.000Z","provider":"gps","time_long":1751430363000,"accuracy":2.2883444,"altitude":132.85441435155863,"bearing":199.4495,"speed":1.8674283},"geometry":{"type":"Point","coordinates":[139.39529706505655,35.697096862394375]}}
,{"type": "Feature","properties":{"time":"2025-07-02T04:26:09.000Z","provider":"gps","time_long":1751430369000,"accuracy":2.265204,"altitude":130.2125016477626,"bearing":206.89664,"speed":1.5816946},"geometry":{"type":"Point","coordinates":[139.39525387795013,35.69704949025215]}}
,{"type": "Feature","properties":{"time":"2025-07-02T04:26:15.000Z","provider":"gps","time_long":1751430375000,"accuracy":2.2837632,"altitude":130.97706914023513,"bearing":209.59126,"speed":1.3408704},"geometry":{"type":"Point","coordinates":[139.39523536355946,35.696994905170115]}}
,{"type": "Feature","properties":{"time":"2025-07-02T04:26:21.000Z","provider":"gps","time_long":1751430381000,"accuracy":2.3437452,"altitude":129.58990323271718,"bearing":230.74037,"speed":1.5418556},"geometry":{"type":"Point","coordinates":[139.39515405164943,35.69691350574597]}}
,{"type": "Feature","properties":{"time":"2025-07-02T04:26:34.107Z","provider":"network","time_long":1751430394107,"accuracy":37.611,"altitude":129.1999969482422},"geometry":{"type":"Point","coordinates":[139.3952368,35.6967658]}}
,{"type": "Feature","properties":{"time":"2025-07-02T04:26:39.000Z","provider":"gps","time_long":1751430399000,"accuracy":2.3918262,"altitude":128.68845658965162,"bearing":241.47449,"speed":0.9834479},"geometry":{"type":"Point","coordinates":[139.39507606902086,35.69687984602726]}}
,{"type": "Feature","properties":{"time":"2025-07-02T04:26:45.000Z","provider":"gps","time_long":1751430405000,"accuracy":2.3844028,"altitude":126.61740149027682,"bearing":280.62698,"speed":1.8463414},"geometry":{"type":"Point","coordinates":[139.39492338392975,35.696896993854224]}}
,{"type": "Feature","properties":{"time":"2025-07-02T04:26:51.000Z","provider":"gps","time_long":1751430411000,"accuracy":2.4126236,"altitude":127.59661485340386,"bearing":286.40753,"speed":1.8351526},"geometry":{"type":"Point","coordinates":[139.39481491374138,35.69692820474063]}}
,{"type": "Feature","properties":{"time":"2025-07-02T04:26:57.000Z","provider":"gps","time_long":1751430417000,"accuracy":2.4120095,"altitude":127.71825674172968,"bearing":294.84927,"speed":1.7811689},"geometry":{"type":"Point","coordinates":[139.39472440486463,35.69697208849669]}}
,{"type": "Feature","properties":{"time":"2025-07-02T04:27:03.000Z","provider":"gps","time_long":1751430423000,"accuracy":2.5766978,"altitude":127.62653610967386,"bearing":301.7048,"speed":1.6294882},"geometry":{"type":"Point","coordinates":[139.39465105966957,35.697019743624594]}}
,{"type": "Feature","properties":{"time":"2025-07-02T04:27:09.000Z","provider":"gps","time_long":1751430429000,"accuracy":2.6208215,"altitude":128.99180907595837,"bearing":310.63986,"speed":1.3014877},"geometry":{"type":"Point","coordinates":[139.39460830835904,35.6970534512397]}}
,{"type": "Feature","properties":{"time":"2025-07-02T04:27:15.000Z","provider":"gps","time_long":1751430435000,"accuracy":2.4834049,"altitude":127.1991192016102,"bearing":314.10272,"speed":1.4380257},"geometry":{"type":"Point","coordinates":[139.39452086211367,35.69712015312405]}}
,{"type": "Feature","properties":{"time":"2025-07-02T04:27:21.000Z","provider":"gps","time_long":1751430441000,"accuracy":2.4041052,"altitude":126.66853400539871,"bearing":310.06055,"speed":1.7516369},"geometry":{"type":"Point","coordinates":[139.39441823175707,35.697200766143716]}}
,{"type": "Feature","properties":{"time":"2025-07-02T04:27:27.000Z","provider":"gps","time_long":1751430447000,"accuracy":2.4465866,"altitude":128.89195598630522,"bearing":316.4569,"speed":1.800377},"geometry":{"type":"Point","coordinates":[139.39434515879665,35.6972685151691]}}
,{"type": "Feature","properties":{"time":"2025-07-02T04:27:33.000Z","provider":"gps","time_long":1751430453000,"accuracy":2.4531503,"altitude":131.13499890780295,"bearing":316.91672,"speed":1.5983717},"geometry":{"type":"Point","coordinates":[139.39429420702658,35.69731814677047]}}
,{"type": "Feature","properties":{"time":"2025-07-02T04:27:39.000Z","provider":"gps","time_long":1751430459000,"accuracy":2.522034,"altitude":130.64948998501563,"bearing":324.91818,"speed":1.2361217},"geometry":{"type":"Point","coordinates":[139.3942313716697,35.69734886653235]}}
,{"type": "Feature","properties":{"time":"2025-07-02T04:27:46.166Z","provider":"network","time_long":1751430466166,"accuracy":27.819,"altitude":129.40000915527344},"geometry":{"type":"Point","coordinates":[139.3943105,35.6975045]}}
,{"type": "Feature","properties":{"time":"2025-07-02T04:27:51.000Z","provider":"gps","time_long":1751430471000,"accuracy":2.4618816,"altitude":129.61993269509745,"bearing":311.20233,"speed":1.7773113},"geometry":{"type":"Point","coordinates":[139.39406377508283,35.69746650027001]}}
,{"type": "Feature","properties":{"time":"2025-07-02T04:27:57.000Z","provider":"gps","time_long":1751430477000,"accuracy":2.3828657,"altitude":129.8850251894351,"bearing":305.57043,"speed":1.9439732},"geometry":{"type":"Point","coordinates":[139.39395832114934,35.69753594868887]}}
,{"type": "Feature","properties":{"time":"2025-07-02T04:28:03.000Z","provider":"gps","time_long":1751430483000,"accuracy":2.6677632,"altitude":129.27298041799352,"bearing":301.55066,"speed":2.0032704},"geometry":{"type":"Point","coordinates":[139.39386694565155,35.69760634266784]}}
,{"type": "Feature","properties":{"time":"2025-07-02T04:28:10.203Z","provider":"network","time_long":1751430490203,"accuracy":20.305,"altitude":129.5},"geometry":{"type":"Point","coordinates":[139.3937764,35.6976602]}}
,{"type": "Feature","properties":{"time":"2025-07-02T04:28:21.335Z","provider":"network","time_long":1751430501335,"accuracy":32.527,"altitude":129.3000030517578},"geometry":{"type":"Point","coordinates":[139.3936405,35.6976964]}}
,{"type": "Feature","properties":{"time":"2025-07-02T04:28:26.000Z","provider":"gps","time_long":1751430506000,"accuracy":2.3434093,"altitude":130.4957802178531,"bearing":290.6709,"speed":1.5550374},"geometry":{"type":"Point","coordinates":[139.39353499520269,35.6976695726547]}}
,{"type": "Feature","properties":{"time":"2025-07-02T04:28:32.265Z","provider":"network","time_long":1751430512265,"accuracy":33.004,"altitude":129.5},"geometry":{"type":"Point","coordinates":[139.3935899,35.6977428]}}
,{"type": "Feature","properties":{"time":"2025-07-02T04:28:37.000Z","provider":"gps","time_long":1751430517000,"accuracy":2.2642176,"altitude":130.72270196252185,"bearing":275.13544,"speed":1.5022337},"geometry":{"type":"Point","coordinates":[139.39335449532504,35.69769612378534]}}
,{"type": "Feature","properties":{"time":"2025-07-02T04:28:43.000Z","provider":"gps","time_long":1751430523000,"accuracy":2.2211185,"altitude":130.2982012762616,"bearing":261.2852,"speed":1.4419296},"geometry":{"type":"Point","coordinates":[139.3932667355692,35.69770011179391]}}
,{"type": "Feature","properties":{"time":"2025-07-02T04:28:49.339Z","provider":"network","time_long":1751430529339,"accuracy":35.829998,"altitude":129.8000030517578},"geometry":{"type":"Point","coordinates":[139.3934389,35.6978881]}}
,{"type": "Feature","properties":{"time":"2025-07-02T04:28:54.000Z","provider":"gps","time_long":1751430534000,"accuracy":2.269278,"altitude":129.7179802491929,"bearing":275.52185,"speed":1.5361989},"geometry":{"type":"Point","coordinates":[139.39308115516494,35.69773412350673]}}
,{"type": "Feature","properties":{"time":"2025-07-02T04:29:00.000Z","provider":"gps","time_long":1751430540000,"accuracy":2.198112,"altitude":129.97358426110108,"bearing":278.90057,"speed":1.4754269},"geometry":{"type":"Point","coordinates":[139.3929884800331,35.697744337243876]}}
,{"type": "Feature","properties":{"time":"2025-07-02T04:29:06.000Z","provider":"gps","time_long":1751430546000,"accuracy":2.2430758,"altitude":130.22286545853066,"bearing":290.32828,"speed":1.455764},"geometry":{"type":"Point","coordinates":[139.39289422810504,35.697749613779465]}}
,{"type": "Feature","properties":{"time":"2025-07-02T04:29:18.000Z","provider":"gps","time_long":1751430558000,"accuracy":2.2635536,"altitude":127.45617674885614,"bearing":279.56406,"speed":1.391863},"geometry":{"type":"Point","coordinates":[139.3927388172207,35.69776978616387]}}
,{"type": "Feature","properties":{"time":"2025-07-02T04:29:23.999Z","provider":"gps","time_long":1751430563999,"accuracy":2.6548927,"altitude":127.74428266645,"bearing":294.21368,"speed":1.3864398},"geometry":{"type":"Point","coordinates":[139.39265126910567,35.697782007030035]}}
,{"type": "Feature","properties":{"time":"2025-07-02T04:29:29.999Z","provider":"gps","time_long":1751430569999,"accuracy":2.5318027,"altitude":129.36382278162128,"bearing":288.7731,"speed":1.6317831},"geometry":{"type":"Point","coordinates":[139.39251455686926,35.69780141764541]}}
,{"type": "Feature","properties":{"time":"2025-07-02T04:29:35.999Z","provider":"gps","time_long":1751430575999,"accuracy":2.5707204,"altitude":130.7328799413428,"bearing":283.209,"speed":1.422527},"geometry":{"type":"Point","coordinates":[139.39244095717407,35.697826212464605]}}
,{"type": "Feature","properties":{"time":"2025-07-02T04:29:41.999Z","provider":"gps","time_long":1751430581999,"accuracy":2.4528546,"altitude":130.8449414798644,"bearing":253.6459,"speed":1.365022},"geometry":{"type":"Point","coordinates":[139.39236376692764,35.69784976285474]}}
,{"type": "Feature","properties":{"time":"2025-07-02T04:29:47.999Z","provider":"gps","time_long":1751430587999,"accuracy":2.4589553,"altitude":131.08641712616034,"bearing":276.5613,"speed":1.6780423},"geometry":{"type":"Point","coordinates":[139.3922446660239,35.697886565879166]}}
,{"type": "Feature","properties":{"time":"2025-07-02T04:29:53.999Z","provider":"gps","time_long":1751430593999,"accuracy":2.497117,"altitude":133.1077559729089,"bearing":284.92593,"speed":1.9933698},"geometry":{"type":"Point","coordinates":[139.3921102298254,35.697913860505786]}}
,{"type": "Feature","properties":{"time":"2025-07-02T04:29:59.999Z","provider":"gps","time_long":1751430599999,"accuracy":2.7236922,"altitude":134.4257474869984,"bearing":294.37888,"speed":1.7229619},"geometry":{"type":"Point","coordinates":[139.3920364453335,35.69793370942176]}}
,{"type": "Feature","properties":{"time":"2025-07-02T04:30:05.999Z","provider":"gps","time_long":1751430605999,"accuracy":2.3806827,"altitude":132.71304110875602,"bearing":294.8902,"speed":1.2063142},"geometry":{"type":"Point","coordinates":[139.3919583016888,35.697955393591315]}}
,{"type": "Feature","properties":{"time":"2025-07-02T04:30:11.999Z","provider":"gps","time_long":1751430611999,"accuracy":2.2883492,"altitude":130.9813963347494,"bearing":284.51575,"speed":1.5548995},"geometry":{"type":"Point","coordinates":[139.39185303929693,35.69796336491488]}}
,{"type": "Feature","properties":{"time":"2025-07-02T04:30:17.999Z","provider":"gps","time_long":1751430617999,"accuracy":2.3683445,"altitude":131.12391550789522,"bearing":282.04166,"speed":1.9315424},"geometry":{"type":"Point","coordinates":[139.391728017252,35.6980053669128]}}
,{"type": "Feature","properties":{"time":"2025-07-02T04:30:23.999Z","provider":"gps","time_long":1751430623999,"accuracy":2.3779385,"altitude":131.9571195895586,"bearing":294.9461,"speed":1.5866506},"geometry":{"type":"Point","coordinates":[139.39165536843157,35.69803177514729]}}
,{"type": "Feature","properties":{"time":"2025-07-02T04:30:29.999Z","provider":"gps","time_long":1751430629999,"accuracy":2.3487542,"altitude":131.5668337144621,"bearing":288.0973,"speed":0.6674272},"geometry":{"type":"Point","coordinates":[139.39158588093636,35.698037416255325]}}
,{"type": "Feature","properties":{"time":"2025-07-02T04:30:35.999Z","provider":"gps","time_long":1751430635999,"accuracy":2.604676,"altitude":130.02736623406096,"bearing":271.87912,"speed":1.750552},"geometry":{"type":"Point","coordinates":[139.39145222363854,35.69805841850372]}}
,{"type": "Feature","properties":{"time":"2025-07-02T04:30:41.999Z","provider":"gps","time_long":1751430641999,"accuracy":2.3052967,"altitude":131.11640827308204,"bearing":186.20573,"speed":1.5964177},"geometry":{"type":"Point","coordinates":[139.39140257494284,35.698004115925926]}}
,{"type": "Feature","properties":{"time":"2025-07-02T04:30:47.999Z","provider":"gps","time_long":1751430647999,"accuracy":2.5199885,"altitude":132.01538751352604,"bearing":136.38872,"speed":1.5695559},"geometry":{"type":"Point","coordinates":[139.3914735179979,35.69794670143436]}}
,{"type": "Feature","properties":{"time":"2025-07-02T04:30:52.999Z","provider":"gps","time_long":1751430652999,"accuracy":2.4196153,"altitude":132.59105681283685,"bearing":119.828865,"speed":1.4627883},"geometry":{"type":"Point","coordinates":[139.3915251457306,35.69790602169315]}}
,{"type": "Feature","properties":{"time":"2025-07-02T04:30:58.999Z","provider":"gps","time_long":1751430658999,"accuracy":2.5672054,"altitude":132.90064967867485,"bearing":111.8079,"speed":1.4918212},"geometry":{"type":"Point","coordinates":[139.39162625266138,35.69787302961815]}}
,{"type": "Feature","properties":{"time":"2025-07-02T04:31:04.999Z","provider":"gps","time_long":1751430664999,"accuracy":2.2987685,"altitude":132.5454354624,"bearing":99.81927,"speed":1.5720708},"geometry":{"type":"Point","coordinates":[139.3917372016191,35.69783593862125]}}
,{"type": "Feature","properties":{"time":"2025-07-02T04:31:10.999Z","provider":"gps","time_long":1751430670999,"accuracy":2.4083202,"altitude":130.83251995180976,"bearing":119.95469,"speed":1.2784703},"geometry":{"type":"Point","coordinates":[139.391793986954,35.69782345174118]}}
,{"type": "Feature","properties":{"time":"2025-07-02T04:31:16.999Z","provider":"gps","time_long":1751430676999,"accuracy":2.4115877,"altitude":128.8057995553091,"bearing":90.0815,"speed":1.3115518},"geometry":{"type":"Point","coordinates":[139.39189798101623,35.69782821803146]}}
,{"type": "Feature","properties":{"time":"2025-07-02T04:31:22.999Z","provider":"gps","time_long":1751430682999,"accuracy":2.4221787,"altitude":128.05482901404287,"bearing":83.02554,"speed":1.6453338},"geometry":{"type":"Point","coordinates":[139.39202297887718,35.697838365355025]}}
,{"type": "Feature","properties":{"time":"2025-07-02T04:31:28.999Z","provider":"gps","time_long":1751430688999,"accuracy":2.467482,"altitude":127.14659671801947,"bearing":148.97075,"speed":1.706423},"geometry":{"type":"Point","coordinates":[139.39208697959054,35.69777028636453]}}
,{"type": "Feature","properties":{"time":"2025-07-02T04:31:34.999Z","provider":"gps","time_long":1751430694999,"accuracy":2.4131496,"altitude":125.17204229746798,"bearing":266.78464,"speed":1.5181909},"geometry":{"type":"Point","coordinates":[139.392025750293,35.69772459432118]}}
,{"type": "Feature","properties":{"time":"2025-07-02T04:31:40.999Z","provider":"gps","time_long":1751430700999,"accuracy":2.359403,"altitude":124.40835400461788,"bearing":247.78192,"speed":1.5943315},"geometry":{"type":"Point","coordinates":[139.39190751447669,35.69769070897641]}}
,{"type": "Feature","properties":{"time":"2025-07-02T04:31:46.999Z","provider":"gps","time_long":1751430706999,"accuracy":2.365934,"altitude":122.40998516548133,"bearing":223.83018,"speed":1.5316167},"geometry":{"type":"Point","coordinates":[139.39182120262808,35.697654356502774]}}
,{"type": "Feature","properties":{"time":"2025-07-02T04:31:52.999Z","provider":"gps","time_long":1751430712999,"accuracy":2.3663726,"altitude":121.83680291834055,"bearing":242.46451,"speed":1.7106705},"geometry":{"type":"Point","coordinates":[139.39170727241986,35.69761337358618]}}
,{"type": "Feature","properties":{"time":"2025-07-02T04:31:58.999Z","provider":"gps","time_long":1751430718999,"accuracy":2.377386,"altitude":121.4888090128714,"bearing":233.79129,"speed":1.76993},"geometry":{"type":"Point","coordinates":[139.3916065567504,35.69756977040731]}}
,{"type": "Feature","properties":{"time":"2025-07-02T04:32:04.999Z","provider":"gps","time_long":1751430724999,"accuracy":2.551967,"altitude":120.40655902236514,"bearing":249.79231,"speed":1.5840935},"geometry":{"type":"Point","coordinates":[139.39152936829308,35.697558122754856]}}
,{"type": "Feature","properties":{"time":"2025-07-02T04:32:16.999Z","provider":"gps","time_long":1751430736999,"accuracy":2.2899983,"altitude":119.5227045282151,"bearing":300.75696,"speed":1.4567667},"geometry":{"type":"Point","coordinates":[139.39137693856338,35.69751729509076]}}
,{"type": "Feature","properties":{"time":"2025-07-02T04:32:22.999Z","provider":"gps","time_long":1751430742999,"accuracy":2.276215,"altitude":121.31967224602306,"bearing":346.40277,"speed":1.4218704},"geometry":{"type":"Point","coordinates":[139.39133216485843,35.69758313805647]}}
,{"type": "Feature","properties":{"time":"2025-07-02T04:32:28.999Z","provider":"gps","time_long":1751430748999,"accuracy":2.7949982,"altitude":122.18581576755045,"bearing":99.136444,"speed":1.2988522},"geometry":{"type":"Point","coordinates":[139.39138032892555,35.697617975944176]}}
,{"type": "Feature","properties":{"time":"2025-07-02T04:32:34.999Z","provider":"gps","time_long":1751430754999,"accuracy":2.7756257,"altitude":122.12549144362232,"bearing":191.21281,"speed":1.1337956},"geometry":{"type":"Point","coordinates":[139.39136969686587,35.69756941911063]}}
,{"type": "Feature","properties":{"time":"2025-07-02T04:32:40.999Z","provider":"gps","time_long":1751430760999,"accuracy":2.5303602,"altitude":119.75052887658191,"bearing":182.3909,"speed":1.4216743},"geometry":{"type":"Point","coordinates":[139.391388270727,35.69747605228036]}}
,{"type": "Feature","properties":{"time":"2025-07-02T04:32:46.999Z","provider":"gps","time_long":1751430766999,"accuracy":2.578771,"altitude":119.87957760610101,"bearing":227.50171,"speed":1.3814297},"geometry":{"type":"Point","coordinates":[139.391337229951,35.69741029450612]}}
,{"type": "Feature","properties":{"time":"2025-07-02T04:32:52.999Z","provider":"gps","time_long":1751430772999,"accuracy":2.2343564,"altitude":119.35178637957202,"bearing":239.47133,"speed":1.4850605},"geometry":{"type":"Point","coordinates":[139.39123954920822,35.69736609386527]}}
,{"type": "Feature","properties":{"time":"2025-07-02T04:32:58.999Z","provider":"gps","time_long":1751430778999,"accuracy":2.2547386,"altitude":118.11551273010737,"bearing":224.48383,"speed":1.4138522},"geometry":{"type":"Point","coordinates":[139.39117763865926,35.6973128219285]}}
,{"type": "Feature","properties":{"time":"2025-07-02T04:33:04.999Z","provider":"gps","time_long":1751430784999,"accuracy":2.4119878,"altitude":117.8411779010745,"bearing":228.20421,"speed":1.3664736},"geometry":{"type":"Point","coordinates":[139.39111938806226,35.6972576861936]}}
,{"type": "Feature","properties":{"time":"2025-07-02T04:33:10.999Z","provider":"gps","time_long":1751430790999,"accuracy":2.3192768,"altitude":117.20596916622404,"bearing":227.98561,"speed":1.3654842},"geometry":{"type":"Point","coordinates":[139.3910543423157,35.697205226510626]}}
,{"type": "Feature","properties":{"time":"2025-07-02T04:33:15.999Z","provider":"gps","time_long":1751430795999,"accuracy":2.1637836,"altitude":118.29349420824711,"bearing":195.05542,"speed":1.2913496},"geometry":{"type":"Point","coordinates":[139.39102261866014,35.69716082332272]}}
,{"type": "Feature","properties":{"time":"2025-07-02T04:33:21.999Z","provider":"gps","time_long":1751430801999,"accuracy":2.1878679,"altitude":116.96439008590147,"bearing":203.07698,"speed":1.3108714},"geometry":{"type":"Point","coordinates":[139.3910345523186,35.697087962990715]}}
,{"type": "Feature","properties":{"time":"2025-07-02T04:33:26.999Z","provider":"gps","time_long":1751430806999,"accuracy":2.1019273,"altitude":115.89551971503585,"bearing":196.91281,"speed":1.3750508},"geometry":{"type":"Point","coordinates":[139.39102435571968,35.697020555059694]}}
,{"type": "Feature","properties":{"time":"2025-07-02T04:33:32.999Z","provider":"gps","time_long":1751430812999,"accuracy":2.1008701,"altitude":114.8429118351114,"bearing":187.36975,"speed":1.1617742},"geometry":{"type":"Point","coordinates":[139.39101774903875,35.6969580716523]}}
,{"type": "Feature","properties":{"time":"2025-07-02T04:33:39.311Z","provider":"network","time_long":1751430819311,"accuracy":39.391,"altitude":117.0},"geometry":{"type":"Point","coordinates":[139.3914897,35.6968293]}}
,{"type": "Feature","properties":{"time":"2025-07-02T04:33:43.999Z","provider":"gps","time_long":1751430823999,"accuracy":2.206402,"altitude":116.44472969976535,"bearing":317.7754,"speed":1.3621693},"geometry":{"type":"Point","coordinates":[139.39102913805866,35.69710333216724]}}
,{"type": "Feature","properties":{"time":"2025-07-02T04:33:50.000Z","provider":"gps","time_long":1751430830000,"accuracy":2.291617,"altitude":117.29304586423605,"bearing":256.42014,"speed":1.5718439},"geometry":{"type":"Point","coordinates":[139.39089907087003,35.69711179080336]}}
,{"type": "Feature","properties":{"time":"2025-07-02T04:33:56.000Z","provider":"gps","time_long":1751430836000,"accuracy":2.225297,"altitude":118.96912564489223,"bearing":232.77733,"speed":1.6124067},"geometry":{"type":"Point","coordinates":[139.39081188266405,35.69705121789628]}}
,{"type": "Feature","properties":{"time":"2025-07-02T04:34:02.000Z","provider":"gps","time_long":1751430842000,"accuracy":2.0978699,"altitude":118.09556933943153,"bearing":230.7102,"speed":1.7329595},"geometry":{"type":"Point","coordinates":[139.3907082936204,35.69699478524745]}}
,{"type": "Feature","properties":{"time":"2025-07-02T04:34:08.000Z","provider":"gps","time_long":1751430848000,"accuracy":2.265189,"altitude":117.89344851956622,"bearing":239.64503,"speed":1.6593039},"geometry":{"type":"Point","coordinates":[139.39063450002075,35.696943440782285]}}
,{"type": "Feature","properties":{"time":"2025-07-02T04:34:13.000Z","provider":"gps","time_long":1751430853000,"accuracy":2.3118677,"altitude":118.08008694256993,"bearing":241.8285,"speed":1.584461},"geometry":{"type":"Point","coordinates":[139.39055838704965,35.6969271469844]}}
,{"type": "Feature","properties":{"time":"2025-07-02T04:34:19.000Z","provider":"gps","time_long":1751430859000,"accuracy":2.3670106,"altitude":117.89207932656103,"bearing":231.98296,"speed":1.482665},"geometry":{"type":"Point","coordinates":[139.39047231429063,35.69689579691113]}}
,{"type": "Feature","properties":{"time":"2025-07-02T04:34:25.000Z","provider":"gps","time_long":1751430865000,"accuracy":2.272462,"altitude":118.57239716282136,"bearing":239.96439,"speed":1.4316723},"geometry":{"type":"Point","coordinates":[139.39039142393605,35.69686446758327]}}
,{"type": "Feature","properties":{"time":"2025-07-02T04:34:31.000Z","provider":"gps","time_long":1751430871000,"accuracy":2.5112793,"altitude":118.65690399533199,"bearing":248.46204,"speed":1.5590711},"geometry":{"type":"Point","coordinates":[139.39029326907004,35.69680971557086]}}
,{"type": "Feature","properties":{"time":"2025-07-02T04:34:42.000Z","provider":"gps","time_long":1751430882000,"accuracy":2.1392038,"altitude":118.17266212637793,"bearing":168.6096,"speed":1.406337},"geometry":{"type":"Point","coordinates":[139.3902881255357,35.69672648257237]}}
,{"type": "Feature","properties":{"time":"2025-07-02T04:34:48.000Z","provider":"gps","time_long":1751430888000,"accuracy":2.1461487,"altitude":116.90663391587336,"bearing":179.68394,"speed":1.5330555},"geometry":{"type":"Point","coordinates":[139.3902677014273,35.696635147346605]}}
,{"type": "Feature","properties":{"time":"2025-07-02T04:34:54.000Z","provider":"gps","time_long":1751430894000,"accuracy":2.199994,"altitude":119.02350009359438,"bearing":208.95926,"speed":1.5675792},"geometry":{"type":"Point","coordinates":[139.3902646632992,35.6965451488532]}}
,{"type": "Feature","properties":{"time":"2025-07-02T04:35:06.000Z","provider":"gps","time_long":1751430906000,"accuracy":2.38295,"altitude":118.54134171234685,"bearing":150.60445,"speed":1.4739207},"geometry":{"type":"Point","coordinates":[139.3902916174017,35.69646568510331]}}
,{"type": "Feature","properties":{"time":"2025-07-02T04:35:12.000Z","provider":"gps","time_long":1751430912000,"accuracy":2.4011672,"altitude":119.06544720311477,"bearing":166.73486,"speed":1.6607826},"geometry":{"type":"Point","coordinates":[139.39030190950135,35.69636293696159]}}
,{"type": "Feature","properties":{"time":"2025-07-02T04:35:18.000Z","provider":"gps","time_long":1751430918000,"accuracy":2.3761492,"altitude":117.90372674253206,"bearing":176.99988,"speed":1.8034515},"geometry":{"type":"Point","coordinates":[139.39030209139608,35.69626265031477]}}
,{"type": "Feature","properties":{"time":"2025-07-02T04:35:24.000Z","provider":"gps","time_long":1751430924000,"accuracy":2.7150617,"altitude":120.62884923313112,"bearing":190.17279,"speed":1.6966898},"geometry":{"type":"Point","coordinates":[139.39028621186597,35.69619303549183]}}
,{"type": "Feature","properties":{"time":"2025-07-02T04:35:31.056Z","provider":"network","time_long":1751430931056,"accuracy":21.345,"altitude":117.30000305175781},"geometry":{"type":"Point","coordinates":[139.3903526,35.696093]}}
,{"type": "Feature","properties":{"time":"2025-07-02T04:35:41.000Z","provider":"gps","time_long":1751430941000,"accuracy":3.146156,"altitude":122.62058140861839,"bearing":161.91568,"speed":1.5191514},"geometry":{"type":"Point","coordinates":[139.39034306200452,35.69598632492407]}}
,{"type": "Feature","properties":{"time":"2025-07-02T04:35:47.000Z","provider":"gps","time_long":1751430947000,"accuracy":3.2779546,"altitude":121.61220913347945,"bearing":174.00356,"speed":1.537098},"geometry":{"type":"Point","coordinates":[139.39038366293715,35.69590936728392]}}
,{"type": "Feature","properties":{"time":"2025-07-02T04:35:53.000Z","provider":"gps","time_long":1751430953000,"accuracy":3.8589354,"altitude":122.57960666742805,"bearing":166.073,"speed":1.4849148},"geometry":{"type":"Point","coordinates":[139.39041855978502,35.695843275720875]}}
,{"type": "Feature","properties":{"time":"2025-07-02T04:35:59.000Z","provider":"gps","time_long":1751430959000,"accuracy":2.5058784,"altitude":121.55642727539882,"bearing":173.70215,"speed":1.6520531},"geometry":{"type":"Point","coordinates":[139.39046210031805,35.69573546356744]}}
,{"type": "Feature","properties":{"time":"2025-07-02T04:36:05.603Z","provider":"network","time_long":1751430965603,"accuracy":19.58,"altitude":117.5},"geometry":{"type":"Point","coordinates":[139.3904927,35.6955422]}}
,{"type": "Feature","properties":{"time":"2025-07-02T04:36:10.000Z","provider":"gps","time_long":1751430970000,"accuracy":2.2641518,"altitude":121.4217308294446,"bearing":175.23898,"speed":1.4393595},"geometry":{"type":"Point","coordinates":[139.39047436334857,35.695594371100796]}}
,{"type": "Feature","properties":{"time":"2025-07-02T04:36:16.000Z","provider":"gps","time_long":1751430976000,"accuracy":2.265416,"altitude":121.07740227666237,"bearing":185.23872,"speed":1.3958817},"geometry":{"type":"Point","coordinates":[139.39046614966918,35.69552008359737]}}
,{"type": "Feature","properties":{"time":"2025-07-02T04:36:22.000Z","provider":"gps","time_long":1751430982000,"accuracy":2.302279,"altitude":120.68364739117996,"bearing":159.03986,"speed":1.6090468},"geometry":{"type":"Point","coordinates":[139.39049436765333,35.69542154920356]}}
,{"type": "Feature","properties":{"time":"2025-07-02T04:36:28.000Z","provider":"gps","time_long":1751430988000,"accuracy":2.2973323,"altitude":118.78927439630996,"bearing":125.25589,"speed":1.7586246},"geometry":{"type":"Point","coordinates":[139.3905875888727,35.69535316079891]}}
,{"type": "Feature","properties":{"time":"2025-07-02T04:36:34.000Z","provider":"gps","time_long":1751430994000,"accuracy":2.1778617,"altitude":119.40123996873255,"bearing":189.08047,"speed":1.5774384},"geometry":{"type":"Point","coordinates":[139.39061444991188,35.695301803432166]}}
,{"type": "Feature","properties":{"time":"2025-07-02T04:36:40.000Z","provider":"gps","time_long":1751431000000,"accuracy":2.232535,"altitude":120.6523546563751,"bearing":197.39595,"speed":1.6204526},"geometry":{"type":"Point","coordinates":[139.39058889651506,35.695214472997534]}}
,{"type": "Feature","properties":{"time":"2025-07-02T04:36:46.000Z","provider":"gps","time_long":1751431006000,"accuracy":2.2677774,"altitude":120.05229888545401,"bearing":136.303,"speed":1.5354233},"geometry":{"type":"Point","coordinates":[139.390623025928,35.695156077807184]}}
,{"type": "Feature","properties":{"time":"2025-07-02T04:36:52.000Z","provider":"gps","time_long":1751431012000,"accuracy":2.1785724,"altitude":119.25399538819465,"bearing":97.16242,"speed":1.5317271},"geometry":{"type":"Point","coordinates":[139.39071070983044,35.69512483750726]}}
,{"type": "Feature","properties":{"time":"2025-07-02T04:36:58.000Z","provider":"gps","time_long":1751431018000,"accuracy":2.283324,"altitude":118.87820525423072,"bearing":78.22324,"speed":1.5090617},"geometry":{"type":"Point","coordinates":[139.39081039130346,35.69513280736107]}}
,{"type": "Feature","properties":{"time":"2025-07-02T04:37:04.000Z","provider":"gps","time_long":1751431024000,"accuracy":2.269602,"altitude":119.25967538127249,"bearing":84.05375,"speed":1.6308203},"geometry":{"type":"Point","coordinates":[139.39091927860747,35.69513497005142]}}
,{"type": "Feature","properties":{"time":"2025-07-02T04:37:10.000Z","provider":"gps","time_long":1751431030000,"accuracy":2.2265437,"altitude":117.50642806205478,"bearing":80.64656,"speed":1.8928566},"geometry":{"type":"Point","coordinates":[139.39104865631177,35.69514350879518]}}
,{"type": "Feature","properties":{"time":"2025-07-02T04:37:16.000Z","provider":"gps","time_long":1751431036000,"accuracy":2.2335863,"altitude":116.3343370748516,"bearing":80.92745,"speed":1.8916018},"geometry":{"type":"Point","coordinates":[139.39115837606715,35.69514089093028]}}
,{"type": "Feature","properties":{"time":"2025-07-02T04:37:22.000Z","provider":"gps","time_long":1751431042000,"accuracy":2.2767682,"altitude":117.06046766489766,"bearing":88.885765,"speed":1.7723575},"geometry":{"type":"Point","coordinates":[139.3912523781591,35.69512630870906]}}
,{"type": "Feature","properties":{"time":"2025-07-02T04:37:28.000Z","provider":"gps","time_long":1751431048000,"accuracy":2.2504349,"altitude":117.3946543547695,"bearing":95.862,"speed":1.5997612},"geometry":{"type":"Point","coordinates":[139.39134393988098,35.69512654482568]}}
,{"type": "Feature","properties":{"time":"2025-07-02T04:37:34.000Z","provider":"gps","time_long":1751431054000,"accuracy":2.2281115,"altitude":117.50944136984275,"bearing":105.97281,"speed":1.4117963},"geometry":{"type":"Point","coordinates":[139.39142827501396,35.69514095827994]}}
,{"type": "Feature","properties":{"time":"2025-07-02T04:37:40.000Z","provider":"gps","time_long":1751431060000,"accuracy":2.1994166,"altitude":117.33286770891795,"bearing":97.201195,"speed":1.288784},"geometry":{"type":"Point","coordinates":[139.3915147220064,35.69514882567195]}}
,{"type": "Feature","properties":{"time":"2025-07-02T04:37:46.000Z","provider":"gps","time_long":1751431066000,"accuracy":2.2112625,"altitude":117.95862117745311,"bearing":92.663124,"speed":1.2937754},"geometry":{"type":"Point","coordinates":[139.39161192859027,35.69514806779355]}}
,{"type": "Feature","properties":{"time":"2025-07-02T04:37:52.000Z","provider":"gps","time_long":1751431072000,"accuracy":2.285911,"altitude":118.24247505107286,"bearing":100.27121,"speed":1.4870958},"geometry":{"type":"Point","coordinates":[139.39172870389444,35.69512560784332]}}
,{"type": "Feature","properties":{"time":"2025-07-02T04:37:58.000Z","provider":"gps","time_long":1751431078000,"accuracy":2.242253,"altitude":118.04183402745497,"bearing":103.35074,"speed":1.8897399},"geometry":{"type":"Point","coordinates":[139.39187562268316,35.695086782591154]}}
,{"type": "Feature","properties":{"time":"2025-07-02T04:38:04.000Z","provider":"gps","time_long":1751431084000,"accuracy":2.243249,"altitude":116.81404880777188,"bearing":99.67945,"speed":2.0235884},"geometry":{"type":"Point","coordinates":[139.3920018017725,35.69505181040208]}}
,{"type": "Feature","properties":{"time":"2025-07-02T04:38:10.000Z","provider":"gps","time_long":1751431090000,"accuracy":2.2929401,"altitude":116.28666394946077,"bearing":109.43674,"speed":1.7743368},"geometry":{"type":"Point","coordinates":[139.3920782813292,35.69502315096179]}}
,{"type": "Feature","properties":{"time":"2025-07-02T04:38:16.000Z","provider":"gps","time_long":1751431096000,"accuracy":2.22972,"altitude":116.88157343763302,"bearing":132.77205,"speed":1.3968267},"geometry":{"type":"Point","coordinates":[139.3921442828565,35.69501235358939]}}
,{"type": "Feature","properties":{"time":"2025-07-02T04:38:22.000Z","provider":"gps","time_long":1751431102000,"accuracy":2.2637854,"altitude":116.69946764945696,"bearing":106.01126,"speed":1.3433995},"geometry":{"type":"Point","coordinates":[139.3922363945081,35.695018359131865]}}
,{"type": "Feature","properties":{"time":"2025-07-02T04:38:27.999Z","provider":"gps","time_long":1751431107999,"accuracy":2.2582004,"altitude":116.04901435878044,"bearing":98.58873,"speed":1.7074234},"geometry":{"type":"Point","coordinates":[139.39238243532972,35.694991661158554]}}
,{"type": "Feature","properties":{"time":"2025-07-02T04:38:33.999Z","provider":"gps","time_long":1751431113999,"accuracy":2.2218776,"altitude":116.808293818622,"bearing":111.56936,"speed":1.7625904},"geometry":{"type":"Point","coordinates":[139.39249616363966,35.694973656364816]}}
,{"type": "Feature","properties":{"time":"2025-07-02T04:38:38.999Z","provider":"gps","time_long":1751431118999,"accuracy":2.2924256,"altitude":117.87059857604446,"bearing":93.16629,"speed":1.5336328},"geometry":{"type":"Point","coordinates":[139.39255441464607,35.694973839406195]}}
,{"type": "Feature","properties":{"time":"2025-07-02T04:38:44.999Z","provider":"gps","time_long":1751431124999,"accuracy":2.1338506,"altitude":118.73103884731131,"bearing":95.55133,"speed":1.5075597},"geometry":{"type":"Point","coordinates":[139.39265297071447,35.69496913428701]}}
,{"type": "Feature","properties":{"time":"2025-07-02T04:38:50.999Z","provider":"gps","time_long":1751431130999,"accuracy":2.145,"altitude":117.56692968032964,"bearing":63.2612,"speed":1.4899535},"geometry":{"type":"Point","coordinates":[139.39274884839105,35.69498012100047]}}
,{"type": "Feature","properties":{"time":"2025-07-02T04:38:55.999Z","provider":"gps","time_long":1751431135999,"accuracy":2.3729765,"altitude":116.80896640319078,"bearing":66.911255,"speed":1.5057037},"geometry":{"type":"Point","coordinates":[139.39282284164045,35.69501228433142]}}
,{"type": "Feature","properties":{"time":"2025-07-02T04:39:01.999Z","provider":"gps","time_long":1751431141999,"accuracy":2.1327598,"altitude":118.79488938010762,"bearing":98.32516,"speed":1.5138296},"geometry":{"type":"Point","coordinates":[139.3929239486477,35.695029326038075]}}
,{"type": "Feature","properties":{"time":"2025-07-02T04:39:07.999Z","provider":"gps","time_long":1751431147999,"accuracy":2.2784634,"altitude":119.70065553860233,"bearing":102.3071,"speed":1.4899536},"geometry":{"type":"Point","coordinates":[139.3930216111997,35.69501606053321]}}
,{"type": "Feature","properties":{"time":"2025-07-02T04:39:13.999Z","provider":"gps","time_long":1751431153999,"accuracy":2.5626304,"altitude":120.43571426200691,"bearing":96.9955,"speed":1.4305481},"geometry":{"type":"Point","coordinates":[139.39311034854643,35.695001514483046]}}
,{"type": "Feature","properties":{"time":"2025-07-02T04:39:16.993Z","provider":"network","time_long":1751431156993,"accuracy":22.434,"altitude":116.9000015258789},"geometry":{"type":"Point","coordinates":[139.3930209,35.6950522]}}
,{"type": "Feature","properties":{"time":"2025-07-02T04:39:24.999Z","provider":"gps","time_long":1751431164999,"accuracy":2.4645114,"altitude":120.25035679895034,"bearing":97.27638,"speed":1.3913916},"geometry":{"type":"Point","coordinates":[139.39327506650173,35.694985316957194]}}
,{"type": "Feature","properties":{"time":"2025-07-02T04:39:30.999Z","provider":"gps","time_long":1751431170999,"accuracy":2.380326,"altitude":118.28821213315585,"bearing":84.50708,"speed":1.3835909},"geometry":{"type":"Point","coordinates":[139.39336633800744,35.694980535033544]}}
,{"type": "Feature","properties":{"time":"2025-07-02T04:39:37.665Z","provider":"network","time_long":1751431177665,"accuracy":27.211,"altitude":117.4000015258789},"geometry":{"type":"Point","coordinates":[139.3934737,35.695084]}}
,{"type": "Feature","properties":{"time":"2025-07-02T04:39:41.999Z","provider":"gps","time_long":1751431181999,"accuracy":2.524085,"altitude":117.26290391685934,"bearing":83.63721,"speed":1.3198475},"geometry":{"type":"Point","coordinates":[139.39351685647657,35.695002620727536]}}
,{"type": "Feature","properties":{"time":"2025-07-02T04:39:47.999Z","provider":"gps","time_long":1751431187999,"accuracy":2.267447,"altitude":118.43302054825938,"bearing":87.635796,"speed":1.3843946},"geometry":{"type":"Point","coordinates":[139.39361473637393,35.69500724935331]}}
,{"type": "Feature","properties":{"time":"2025-07-02T04:39:52.999Z","provider":"gps","time_long":1751431192999,"accuracy":2.625193,"altitude":118.10640238584313,"bearing":70.43199,"speed":1.4029938},"geometry":{"type":"Point","coordinates":[139.39369265963927,35.695027432892054]}}
,{"type": "Feature","properties":{"time":"2025-07-02T04:39:58.999Z","provider":"gps","time_long":1751431198999,"accuracy":2.1287994,"altitude":119.03082154766108,"bearing":81.40298,"speed":1.4756067},"geometry":{"type":"Point","coordinates":[139.39379526772595,35.69503561454528]}}
,{"type": "Feature","properties":{"time":"2025-07-02T04:40:04.999Z","provider":"gps","time_long":1751431204999,"accuracy":2.128889,"altitude":119.45570550742214,"bearing":86.642136,"speed":1.4723082},"geometry":{"type":"Point","coordinates":[139.39389280856284,35.6950423863739]}}
,{"type": "Feature","properties":{"time":"2025-07-02T04:40:11.885Z","provider":"network","time_long":1751431211885,"accuracy":20.369,"altitude":117.5999984741211},"geometry":{"type":"Point","coordinates":[139.3939539,35.6951282]}}
,{"type": "Feature","properties":{"time":"2025-07-02T04:40:16.975Z","provider":"network","time_long":1751431216975,"accuracy":22.753,"altitude":118.69999694824219},"geometry":{"type":"Point","coordinates":[139.3940156,35.6951062]}}
,{"type": "Feature","properties":{"time":"2025-07-02T04:40:22.048Z","provider":"network","time_long":1751431222048,"accuracy":22.723,"altitude":119.69999694824219},"geometry":{"type":"Point","coordinates":[139.3941312,35.6951396]}}
,{"type": "Feature","properties":{"time":"2025-07-02T04:40:25.999Z","provider":"gps","time_long":1751431225999,"accuracy":2.1669445,"altitude":115.82802864628272,"bearing":34.69982,"speed":1.4930366},"geometry":{"type":"Point","coordinates":[139.39420369576362,35.695117518250704]}}
,{"type": "Feature","properties":{"time":"2025-07-02T04:40:30.999Z","provider":"gps","time_long":1751431230999,"accuracy":2.2681112,"altitude":116.63828905003957,"bearing":26.547487,"speed":1.377957},"geometry":{"type":"Point","coordinates":[139.3942265229324,35.695168747028696]}}
,{"type": "Feature","properties":{"time":"2025-07-02T04:40:37.375Z","provider":"network","time_long":1751431237375,"accuracy":39.664,"altitude":119.80000305175781},"geometry":{"type":"Point","coordinates":[139.3941843,35.695336]}}
,{"type": "Feature","properties":{"time":"2025-07-02T04:40:41.999Z","provider":"gps","time_long":1751431241999,"accuracy":5.481035,"altitude":115.53360039951403,"bearing":163.31828,"speed":1.0241232},"geometry":{"type":"Point","coordinates":[139.3943776541355,35.69514870015389]}}
,{"type": "Feature","properties":{"time":"2025-07-02T04:40:47.999Z","provider":"gps","time_long":1751431247999,"accuracy":2.1696389,"altitude":116.84145138397307,"bearing":190.9273,"speed":1.5364367},"geometry":{"type":"Point","coordinates":[139.3944026655082,35.69506967261652]}}
,{"type": "Feature","properties":{"time":"2025-07-02T04:40:54.578Z","provider":"network","time_long":1751431254578,"accuracy":27.879,"altitude":116.80000305175781},"geometry":{"type":"Point","coordinates":[139.394591,35.695003]}}
,{"type": "Feature","properties":{"time":"2025-07-02T04:41:08.999Z","provider":"gps","time_long":1751431268999,"accuracy":2.1688318,"altitude":117.43807093733179,"bearing":96.82064,"speed":1.574055},"geometry":{"type":"Point","coordinates":[139.39468415551138,35.694992503530806]}}
,{"type": "Feature","properties":{"time":"2025-07-02T04:41:14.999Z","provider":"gps","time_long":1751431274999,"accuracy":2.229132,"altitude":117.66860341403446,"bearing":98.54719,"speed":1.5818623},"geometry":{"type":"Point","coordinates":[139.39478626424204,35.694985623854315]}}
,{"type": "Feature","properties":{"time":"2025-07-02T04:41:20.999Z","provider":"gps","time_long":1751431280999,"accuracy":2.3184738,"altitude":117.81306875644562,"bearing":106.154305,"speed":1.6159192},"geometry":{"type":"Point","coordinates":[139.3948951394022,35.69497696700902]}}
,{"type": "Feature","properties":{"time":"2025-07-02T04:41:26.999Z","provider":"gps","time_long":1751431286999,"accuracy":2.2608538,"altitude":117.92657042902249,"bearing":151.7358,"speed":1.4063945},"geometry":{"type":"Point","coordinates":[139.39497593528708,35.69496476790818]}}
,{"type": "Feature","properties":{"time":"2025-07-02T04:41:32.999Z","provider":"gps","time_long":1751431292999,"accuracy":2.264171,"altitude":116.02944761822413,"bearing":95.13417,"speed":1.5136245},"geometry":{"type":"Point","coordinates":[139.39509345015676,35.694962748092294]}}
,{"type": "Feature","properties":{"time":"2025-07-02T04:41:38.999Z","provider":"gps","time_long":1751431298999,"accuracy":2.2941244,"altitude":117.22727999378424,"bearing":125.66611,"speed":1.7147837},"geometry":{"type":"Point","coordinates":[139.39517970548522,35.694894879362835]}}
,{"type": "Feature","properties":{"time":"2025-07-02T04:41:44.999Z","provider":"gps","time_long":1751431304999,"accuracy":2.3043518,"altitude":117.48585574494618,"bearing":144.80733,"speed":1.6566935},"geometry":{"type":"Point","coordinates":[139.39521960006073,35.69482076508722]}}
,{"type": "Feature","properties":{"time":"2025-07-02T04:41:55.999Z","provider":"gps","time_long":1751431315999,"accuracy":2.3587835,"altitude":118.37836948595744,"bearing":89.666695,"speed":1.6552184},"geometry":{"type":"Point","coordinates":[139.39536358073434,35.69475355615332]}}
,{"type": "Feature","properties":{"time":"2025-07-02T04:42:01.999Z","provider":"gps","time_long":1751431321999,"accuracy":2.3782063,"altitude":119.0306472462774,"bearing":82.91054,"speed":1.6123092},"geometry":{"type":"Point","coordinates":[139.39547110206308,35.69477303015775]}}
,{"type": "Feature","properties":{"time":"2025-07-02T04:42:07.999Z","provider":"gps","time_long":1751431327999,"accuracy":2.342699,"altitude":118.86491818013073,"bearing":76.81027,"speed":1.5043027},"geometry":{"type":"Point","coordinates":[139.39555952345174,35.69477175440117]}}
,{"type": "Feature","properties":{"time":"2025-07-02T04:42:13.999Z","provider":"gps","time_long":1751431333999,"accuracy":2.3566756,"altitude":119.38842441304277,"bearing":86.372055,"speed":1.4147058},"geometry":{"type":"Point","coordinates":[139.39564548137545,35.69476945978414]}}
,{"type": "Feature","properties":{"time":"2025-07-02T04:42:19.999Z","provider":"gps","time_long":1751431339999,"accuracy":2.3113832,"altitude":118.69417874180593,"bearing":132.56221,"speed":1.0972071},"geometry":{"type":"Point","coordinates":[139.39571775434754,35.69477951643102]}}
,{"type": "Feature","properties":{"time":"2025-07-02T04:42:25.999Z","provider":"gps","time_long":1751431345999,"accuracy":2.4303167,"altitude":116.68094320290702,"bearing":83.76505,"speed":1.9604133},"geometry":{"type":"Point","coordinates":[139.3958745594832,35.69481586630587]}}
,{"type": "Feature","properties":{"time":"2025-07-02T04:42:31.999Z","provider":"gps","time_long":1751431351999,"accuracy":2.428093,"altitude":117.61504630646341,"bearing":82.48654,"speed":1.2205732},"geometry":{"type":"Point","coordinates":[139.39594062853433,35.69482895694476]}}
,{"type": "Feature","properties":{"time":"2025-07-02T04:42:37.999Z","provider":"gps","time_long":1751431357999,"accuracy":2.1893773,"altitude":118.51535919383811,"bearing":57.2352,"speed":1.4939703},"geometry":{"type":"Point","coordinates":[139.39601032017472,35.694910569199514]}}
,{"type": "Feature","properties":{"time":"2025-07-02T04:42:44.560Z","provider":"network","time_long":1751431364560,"accuracy":27.975,"altitude":115.19999694824219},"geometry":{"type":"Point","coordinates":[139.3962,35.6950266]}}
,{"type": "Feature","properties":{"time":"2025-07-02T04:42:48.999Z","provider":"gps","time_long":1751431368999,"accuracy":2.286536,"altitude":116.34135381434679,"bearing":56.326912,"speed":1.3832972},"geometry":{"type":"Point","coordinates":[139.3961267209537,35.69499081450787]}}
,{"type": "Feature","properties":{"time":"2025-07-02T04:42:55.000Z","provider":"gps","time_long":1751431375000,"accuracy":2.234852,"altitude":116.77132981342413,"bearing":75.16151,"speed":1.3318584},"geometry":{"type":"Point","coordinates":[139.3962090698414,35.6950164286098]}}
,{"type": "Feature","properties":{"time":"2025-07-02T04:43:01.000Z","provider":"gps","time_long":1751431381000,"accuracy":2.208193,"altitude":116.64644857167777,"bearing":67.411995,"speed":1.5974028},"geometry":{"type":"Point","coordinates":[139.39632317564542,35.695071586717575]}}
,{"type": "Feature","properties":{"time":"2025-07-02T04:43:07.000Z","provider":"gps","time_long":1751431387000,"accuracy":2.2566023,"altitude":115.87531926857632,"bearing":66.14419,"speed":1.8467203},"geometry":{"type":"Point","coordinates":[139.39645343605642,35.695100371583585]}}
,{"type": "Feature","properties":{"time":"2025-07-02T04:43:13.000Z","provider":"gps","time_long":1751431393000,"accuracy":2.230795,"altitude":116.3642249722064,"bearing":155.95303,"speed":1.3527644},"geometry":{"type":"Point","coordinates":[139.39651116145075,35.69509324686575]}}
,{"type": "Feature","properties":{"time":"2025-07-02T04:43:19.000Z","provider":"gps","time_long":1751431399000,"accuracy":2.2472138,"altitude":115.50383863001991,"bearing":93.93559,"speed":0.36425775},"geometry":{"type":"Point","coordinates":[139.3965692811444,35.69510826466932]}}
,{"type": "Feature","properties":{"time":"2025-07-02T04:43:25.000Z","provider":"gps","time_long":1751431405000,"accuracy":2.2861357,"altitude":115.34623388835948,"bearing":64.744514,"speed":1.9978573},"geometry":{"type":"Point","coordinates":[139.3967295728771,35.69516334609102]}}
,{"type": "Feature","properties":{"time":"2025-07-02T04:43:31.000Z","provider":"gps","time_long":1751431411000,"accuracy":2.2219656,"altitude":117.61295966892354,"bearing":98.68687,"speed":1.3146235},"geometry":{"type":"Point","coordinates":[139.39678410479442,35.69517114531001]}}
,{"type": "Feature","properties":{"time":"2025-07-02T04:43:37.000Z","provider":"gps","time_long":1751431417000,"accuracy":2.271648,"altitude":118.12085107469298,"bearing":82.592705,"speed":1.6219509},"geometry":{"type":"Point","coordinates":[139.39690793811053,35.695198080640836]}}
,{"type": "Feature","properties":{"time":"2025-07-02T04:43:42.000Z","provider":"gps","time_long":1751431422000,"accuracy":2.209325,"altitude":119.4163731606846,"bearing":40.899136,"speed":1.5434555},"geometry":{"type":"Point","coordinates":[139.39696902951846,35.69523655239411]}}
,{"type": "Feature","properties":{"time":"2025-07-02T04:43:48.000Z","provider":"gps","time_long":1751431428000,"accuracy":2.132976,"altitude":118.95786420243032,"bearing":26.45365,"speed":1.4529831},"geometry":{"type":"Point","coordinates":[139.39701795507412,35.69529513636532]}}
,{"type": "Feature","properties":{"time":"2025-07-02T04:43:54.000Z","provider":"gps","time_long":1751431434000,"accuracy":2.0775144,"altitude":117.79736605534559,"bearing":22.164217,"speed":1.4442232},"geometry":{"type":"Point","coordinates":[139.3970643192071,35.695361503343015]}}
,{"type": "Feature","properties":{"time":"2025-07-02T04:44:00.000Z","provider":"gps","time_long":1751431440000,"accuracy":2.1478856,"altitude":117.51596468937437,"bearing":19.489656,"speed":1.4431791},"geometry":{"type":"Point","coordinates":[139.39709855629525,35.6954356852973]}}
,{"type": "Feature","properties":{"time":"2025-07-02T04:44:06.000Z","provider":"gps","time_long":1751431446000,"accuracy":2.2584777,"altitude":118.73750950766589,"bearing":26.122217,"speed":1.4115362},"geometry":{"type":"Point","coordinates":[139.3970844991708,35.69550729504554]}}
,{"type": "Feature","properties":{"time":"2025-07-02T04:44:18.000Z","provider":"gps","time_long":1751431458000,"accuracy":2.237266,"altitude":117.41990460597438,"bearing":169.44771,"speed":1.3622227},"geometry":{"type":"Point","coordinates":[139.39709178008997,35.69544036266501]}}
,{"type": "Feature","properties":{"time":"2025-07-02T04:44:24.000Z","provider":"gps","time_long":1751431464000,"accuracy":2.13265,"altitude":116.96487170718243,"bearing":133.28296,"speed":1.4102618},"geometry":{"type":"Point","coordinates":[139.39714997731497,35.69538396519781]}}
,{"type": "Feature","properties":{"time":"2025-07-02T04:44:29.000Z","provider":"gps","time_long":1751431469000,"accuracy":2.1372151,"altitude":118.07130311425111,"bearing":128.84218,"speed":1.3716114},"geometry":{"type":"Point","coordinates":[139.39721315064565,35.69535127936341]}}
,{"type": "Feature","properties":{"time":"2025-07-02T04:44:35.000Z","provider":"gps","time_long":1751431475000,"accuracy":2.1548095,"altitude":118.64438837292418,"bearing":133.68251,"speed":1.4280581},"geometry":{"type":"Point","coordinates":[139.3972887590511,35.69530290915731]}}
,{"type": "Feature","properties":{"time":"2025-07-02T04:44:41.000Z","provider":"gps","time_long":1751431481000,"accuracy":2.2583847,"altitude":116.30649731935326,"bearing":113.8364,"speed":1.6533011},"geometry":{"type":"Point","coordinates":[139.39738525247486,35.695244631795845]}}
,{"type": "Feature","properties":{"time":"2025-07-02T04:44:47.000Z","provider":"gps","time_long":1751431487000,"accuracy":2.4027522,"altitude":115.56729344812871,"bearing":125.81908,"speed":1.577024},"geometry":{"type":"Point","coordinates":[139.39745261823418,35.6951951500701]}}
,{"type": "Feature","properties":{"time":"2025-07-02T04:44:53.000Z","provider":"gps","time_long":1751431493000,"accuracy":2.6236718,"altitude":117.06550274960479,"bearing":123.35704,"speed":1.3171468},"geometry":{"type":"Point","coordinates":[139.3975017189816,35.69515715040452]}}
,{"type": "Feature","properties":{"time":"2025-07-02T04:45:00.120Z","provider":"network","time_long":1751431500120,"accuracy":21.831,"altitude":115.30000305175781},"geometry":{"type":"Point","coordinates":[139.3973665,35.6950458]}}
,{"type": "Feature","properties":{"time":"2025-07-02T04:45:05.000Z","provider":"gps","time_long":1751431505000,"accuracy":2.7315197,"altitude":116.09141965871129,"bearing":115.86942,"speed":1.6655979},"geometry":{"type":"Point","coordinates":[139.39770845988127,35.69503957090473]}}
,{"type": "Feature","properties":{"time":"2025-07-02T04:45:11.000Z","provider":"gps","time_long":1751431511000,"accuracy":2.347506,"altitude":115.54571990819923,"bearing":163.56477,"speed":1.4509798},"geometry":{"type":"Point","coordinates":[139.3977507698918,35.694985654365645]}}
,{"type": "Feature","properties":{"time":"2025-07-02T04:45:17.000Z","provider":"gps","time_long":1751431517000,"accuracy":2.3732834,"altitude":116.30806962938016,"bearing":117.920525,"speed":1.248135},"geometry":{"type":"Point","coordinates":[139.3978018744838,35.69494662844833]}}
,{"type": "Feature","properties":{"time":"2025-07-02T04:45:23.000Z","provider":"gps","time_long":1751431523000,"accuracy":2.5186577,"altitude":117.730415784058,"bearing":129.17064,"speed":1.681653},"geometry":{"type":"Point","coordinates":[139.39791966453816,35.694868836028135]}}
,{"type": "Feature","properties":{"time":"2025-07-02T04:45:29.000Z","provider":"gps","time_long":1751431529000,"accuracy":2.5604353,"altitude":115.08520235247714,"bearing":125.1124,"speed":1.8015616},"geometry":{"type":"Point","coordinates":[139.39801613426627,35.694812473819944]}}
,{"type": "Feature","properties":{"time":"2025-07-02T04:45:35.000Z","provider":"gps","time_long":1751431535000,"accuracy":2.5948753,"altitude":115.71090349640968,"bearing":162.40805,"speed":1.4915462},"geometry":{"type":"Point","coordinates":[139.39804089308177,35.69475269059777]}}
,{"type": "Feature","properties":{"time":"2025-07-02T04:45:41.000Z","provider":"gps","time_long":1751431541000,"accuracy":2.3926127,"altitude":117.30278082788838,"bearing":131.88878,"speed":1.479453},"geometry":{"type":"Point","coordinates":[139.39809807713252,35.694681714871585]}}
,{"type": "Feature","properties":{"time":"2025-07-02T04:45:48.192Z","provider":"network","time_long":1751431548192,"accuracy":19.918,"altitude":114.19999694824219},"geometry":{"type":"Point","coordinates":[139.3981172,35.6943465]}}
,{"type": "Feature","properties":{"time":"2025-07-02T04:45:53.000Z","provider":"gps","time_long":1751431553000,"accuracy":2.5785232,"altitude":119.60853754266046,"bearing":129.67195,"speed":1.7022179},"geometry":{"type":"Point","coordinates":[139.3982383166937,35.69453021704617]}}
,{"type": "Feature","properties":{"time":"2025-07-02T04:45:59.000Z","provider":"gps","time_long":1751431559000,"accuracy":2.3423226,"altitude":118.99157830225302,"bearing":166.07681,"speed":1.1760839},"geometry":{"type":"Point","coordinates":[139.39827629750332,35.69448267786345]}}
,{"type": "Feature","properties":{"time":"2025-07-02T04:46:05.000Z","provider":"gps","time_long":1751431565000,"accuracy":2.2692919,"altitude":117.78816830387389,"bearing":138.11981,"speed":1.9117066},"geometry":{"type":"Point","coordinates":[139.39836677819326,35.69441481325424]}}
,{"type": "Feature","properties":{"time":"2025-07-02T04:46:12.095Z","provider":"network","time_long":1751431572095,"accuracy":31.395,"altitude":113.69999694824219},"geometry":{"type":"Point","coordinates":[139.3981675,35.6943347]}}
,{"type": "Feature","properties":{"time":"2025-07-02T04:46:17.000Z","provider":"gps","time_long":1751431577000,"accuracy":2.6492295,"altitude":117.084718003952,"bearing":176.11946,"speed":1.1250237},"geometry":{"type":"Point","coordinates":[139.39847196765342,35.69429923940585]}}
,{"type": "Feature","properties":{"time":"2025-07-02T04:46:23.000Z","provider":"gps","time_long":1751431583000,"accuracy":2.6725113,"altitude":117.0064208817391,"bearing":141.32278,"speed":1.8465614},"geometry":{"type":"Point","coordinates":[139.39855954673249,35.694243414037835]}}
,{"type": "Feature","properties":{"time":"2025-07-02T04:46:29.000Z","provider":"gps","time_long":1751431589000,"accuracy":2.5321715,"altitude":118.15833286968153,"bearing":125.63887,"speed":2.0042071},"geometry":{"type":"Point","coordinates":[139.39863083428799,35.69414886721045]}}
,{"type": "Feature","properties":{"time":"2025-07-02T04:46:35.369Z","provider":"network","time_long":1751431595369,"accuracy":38.909,"altitude":114.0999984741211},"geometry":{"type":"Point","coordinates":[139.3981593,35.694319]}}
,{"type": "Feature","properties":{"time":"2025-07-02T04:46:40.000Z","provider":"gps","time_long":1751431600000,"accuracy":2.1726973,"altitude":120.74012650235755,"bearing":106.68385,"speed":1.3507676},"geometry":{"type":"Point","coordinates":[139.3987330803293,35.694103013133535]}}
,{"type": "Feature","properties":{"time":"2025-07-02T04:46:45.000Z","provider":"gps","time_long":1751431605000,"accuracy":2.297183,"altitude":119.67070389381468,"bearing":84.07059,"speed":1.4050349},"geometry":{"type":"Point","coordinates":[139.39881875681615,35.69410793600737]}}
,{"type": "Feature","properties":{"time":"2025-07-02T04:46:51.000Z","provider":"gps","time_long":1751431611000,"accuracy":2.4173446,"altitude":122.10058054931348,"bearing":104.403694,"speed":1.4031653},"geometry":{"type":"Point","coordinates":[139.39891396228762,35.69408983701524]}}
,{"type": "Feature","properties":{"time":"2025-07-02T04:46:57.000Z","provider":"gps","time_long":1751431617000,"accuracy":2.652799,"altitude":120.20720566948087,"bearing":288.62274,"speed":1.6554234},"geometry":{"type":"Point","coordinates":[139.39881757767427,35.694114944858896]}}
,{"type": "Feature","properties":{"time":"2025-07-02T04:47:03.000Z","provider":"gps","time_long":1751431623000,"accuracy":2.4410536,"altitude":119.04512286566235,"bearing":255.95921,"speed":1.8053719},"geometry":{"type":"Point","coordinates":[139.3987106364747,35.694076948799534]}}
,{"type": "Feature","properties":{"time":"2025-07-02T04:47:09.000Z","provider":"gps","time_long":1751431629000,"accuracy":2.2311175,"altitude":119.18715979747658,"bearing":158.00551,"speed":1.8273487},"geometry":{"type":"Point","coordinates":[139.3987261622249,35.694007067431336]}}
,{"type": "Feature","properties":{"time":"2025-07-02T04:47:15.000Z","provider":"gps","time_long":1751431635000,"accuracy":2.1662428,"altitude":119.86371872064427,"bearing":136.90868,"speed":1.6575159},"geometry":{"type":"Point","coordinates":[139.39879511434432,35.69394779376138]}}
,{"type": "Feature","properties":{"time":"2025-07-02T04:47:21.000Z","provider":"gps","time_long":1751431641000,"accuracy":2.0956016,"altitude":118.59241101271904,"bearing":142.12506,"speed":1.5332248},"geometry":{"type":"Point","coordinates":[139.39885189236765,35.69388759361484]}}
,{"type": "Feature","properties":{"time":"2025-07-02T04:47:26.999Z","provider":"gps","time_long":1751431646999,"accuracy":2.181911,"altitude":117.48218705542766,"bearing":139.01616,"speed":1.5665629},"geometry":{"type":"Point","coordinates":[139.39889998458105,35.693812410860154]}}
,{"type": "Feature","properties":{"time":"2025-07-02T04:47:32.999Z","provider":"gps","time_long":1751431652999,"accuracy":2.2103407,"altitude":117.4223264672892,"bearing":139.28424,"speed":1.7715979},"geometry":{"type":"Point","coordinates":[139.39897791822298,35.6937320921351]}}
,{"type": "Feature","properties":{"time":"2025-07-02T04:47:38.999Z","provider":"gps","time_long":1751431658999,"accuracy":2.275243,"altitude":116.93973887268169,"bearing":169.53615,"speed":1.4180769},"geometry":{"type":"Point","coordinates":[139.3990136704271,35.693686542254206]}}
,{"type": "Feature","properties":{"time":"2025-07-02T04:47:44.999Z","provider":"gps","time_long":1751431664999,"accuracy":2.4812877,"altitude":116.85132512689165,"bearing":144.19511,"speed":1.3439362},"geometry":{"type":"Point","coordinates":[139.39906587640527,35.693623301719754]}}
,{"type": "Feature","properties":{"time":"2025-07-02T04:47:50.999Z","provider":"gps","time_long":1751431670999,"accuracy":2.674393,"altitude":115.59067260677958,"bearing":122.18606,"speed":1.7140791},"geometry":{"type":"Point","coordinates":[139.39915548678596,35.693527849756535]}}
,{"type": "Feature","properties":{"time":"2025-07-02T04:47:56.999Z","provider":"gps","time_long":1751431676999,"accuracy":2.795141,"altitude":114.70848220245176,"bearing":136.55766,"speed":1.6273583},"geometry":{"type":"Point","coordinates":[139.39922098870656,35.693477710537586]}}
,{"type": "Feature","properties":{"time":"2025-07-02T04:48:02.999Z","provider":"gps","time_long":1751431682999,"accuracy":2.9439516,"altitude":115.80218202874978,"bearing":146.66142,"speed":1.2713361},"geometry":{"type":"Point","coordinates":[139.39922731900444,35.69343163950242]}}
,{"type": "Feature","properties":{"time":"2025-07-02T04:48:08.999Z","provider":"gps","time_long":1751431688999,"accuracy":2.8911357,"altitude":119.20111845096584,"bearing":158.6024,"speed":1.7428788},"geometry":{"type":"Point","coordinates":[139.39929076643654,35.693323065065606]}}
,{"type": "Feature","properties":{"time":"2025-07-02T04:48:14.999Z","provider":"gps","time_long":1751431694999,"accuracy":2.8153138,"altitude":118.57230656221908,"bearing":146.77972,"speed":1.9241416},"geometry":{"type":"Point","coordinates":[139.39933969305167,35.69323203005961]}}
,{"type": "Feature","properties":{"time":"2025-07-02T04:48:20.999Z","provider":"gps","time_long":1751431700999,"accuracy":2.8005471,"altitude":115.87315474992012,"bearing":167.38226,"speed":1.6013081},"geometry":{"type":"Point","coordinates":[139.39939190626023,35.69318342180679]}}
,{"type": "Feature","properties":{"time":"2025-07-02T04:48:26.999Z","provider":"gps","time_long":1751431706999,"accuracy":2.7744305,"altitude":114.81015465122255,"bearing":146.5643,"speed":1.3012666},"geometry":{"type":"Point","coordinates":[139.39945605974813,35.69313145754059]}}
,{"type": "Feature","properties":{"time":"2025-07-02T04:48:34.149Z","provider":"network","time_long":1751431714149,"accuracy":25.569,"altitude":117.0999984741211},"geometry":{"type":"Point","coordinates":[139.3995119,35.6930676]}}
,{"type": "Feature","properties":{"time":"2025-07-02T04:48:38.999Z","provider":"gps","time_long":1751431718999,"accuracy":2.8091905,"altitude":113.89816658544521,"bearing":165.36462,"speed":1.7928874},"geometry":{"type":"Point","coordinates":[139.39957170055715,35.69296521007897]}}
,{"type": "Feature","properties":{"time":"2025-07-02T04:48:44.999Z","provider":"gps","time_long":1751431724999,"accuracy":2.6150184,"altitude":114.4440638874292,"bearing":153.10977,"speed":1.5081465},"geometry":{"type":"Point","coordinates":[139.39961273423108,35.69291517742553]}}
,{"type": "Feature","properties":{"time":"2025-07-02T04:48:51.414Z","provider":"network","time_long":1751431731414,"accuracy":26.318,"altitude":115.5},"geometry":{"type":"Point","coordinates":[139.3997606,35.6928101]}}
,{"type": "Feature","properties":{"time":"2025-07-02T04:48:55.999Z","provider":"gps","time_long":1751431735999,"accuracy":3.0374887,"altitude":117.09821711413454,"bearing":147.15073,"speed":1.7682881},"geometry":{"type":"Point","coordinates":[139.39968929307116,35.692756509625525]}}
,{"type": "Feature","properties":{"time":"2025-07-02T04:49:01.999Z","provider":"gps","time_long":1751431741999,"accuracy":2.4806669,"altitude":116.51092878405493,"bearing":151.9436,"speed":1.3032284},"geometry":{"type":"Point","coordinates":[139.39972573902736,35.6927087413307]}}
,{"type": "Feature","properties":{"time":"2025-07-02T04:49:07.999Z","provider":"gps","time_long":1751431747999,"accuracy":2.1935925,"altitude":116.34295399665724,"bearing":149.15651,"speed":1.8390207},"geometry":{"type":"Point","coordinates":[139.3997919451653,35.69261160656002]}}
,{"type": "Feature","properties":{"time":"2025-07-02T04:49:15.151Z","provider":"network","time_long":1751431755151,"accuracy":35.221,"altitude":114.9000015258789},"geometry":{"type":"Point","coordinates":[139.3995686,35.6924043]}}
,{"type": "Feature","properties":{"time":"2025-07-02T04:49:19.999Z","provider":"gps","time_long":1751431759999,"accuracy":2.3100035,"altitude":118.82750696560679,"bearing":153.3296,"speed":1.6888261},"geometry":{"type":"Point","coordinates":[139.39986405348287,35.692466799576565]}}
,{"type": "Feature","properties":{"time":"2025-07-02T04:49:25.999Z","provider":"gps","time_long":1751431765999,"accuracy":2.5502791,"altitude":117.42936658676837,"bearing":143.61984,"speed":1.9784303},"geometry":{"type":"Point","coordinates":[139.399935075861,35.69237278888993]}}
,{"type": "Feature","properties":{"time":"2025-07-02T04:49:31.999Z","provider":"gps","time_long":1751431771999,"accuracy":2.4534743,"altitude":116.2291368150165,"bearing":142.58977,"speed":1.7725763},"geometry":{"type":"Point","coordinates":[139.39995366843462,35.69230596373078]}}
,{"type": "Feature","properties":{"time":"2025-07-02T04:49:37.999Z","provider":"gps","time_long":1751431777999,"accuracy":2.4193492,"altitude":116.48511537543301,"bearing":151.94824,"speed":1.1803808},"geometry":{"type":"Point","coordinates":[139.39996471702423,35.692256537446816]}}
,{"type": "Feature","properties":{"time":"2025-07-02T04:49:43.999Z","provider":"gps","time_long":1751431783999,"accuracy":2.4853706,"altitude":115.92077439821321,"bearing":144.96292,"speed":0.73087454},"geometry":{"type":"Point","coordinates":[139.400022259675,35.69219948109488]}}
,{"type": "Feature","properties":{"time":"2025-07-02T04:49:49.999Z","provider":"gps","time_long":1751431789999,"accuracy":2.7060618,"altitude":115.6520597099427,"bearing":154.02206,"speed":2.3139462},"geometry":{"type":"Point","coordinates":[139.400101244843,35.69207804476122]}}
,{"type": "Feature","properties":{"time":"2025-07-02T04:49:55.999Z","provider":"gps","time_long":1751431795999,"accuracy":2.5893638,"altitude":117.73244030647356,"bearing":145.24454,"speed":1.829052},"geometry":{"type":"Point","coordinates":[139.40013096053016,35.69200270569985]}}
,{"type": "Feature","properties":{"time":"2025-07-02T04:50:01.999Z","provider":"gps","time_long":1751431801999,"accuracy":2.3632638,"altitude":119.02514150574105,"bearing":144.99054,"speed":1.2590978},"geometry":{"type":"Point","coordinates":[139.4001625020305,35.6919511154604]}}
,{"type": "Feature","properties":{"time":"2025-07-02T04:50:07.999Z","provider":"gps","time_long":1751431807999,"accuracy":2.4628308,"altitude":117.29831079684324,"bearing":141.43616,"speed":1.570723},"geometry":{"type":"Point","coordinates":[139.40024013903727,35.691866511069776]}}
,{"type": "Feature","properties":{"time":"2025-07-02T04:50:13.999Z","provider":"gps","time_long":1751431813999,"accuracy":2.2982311,"altitude":116.12071181208015,"bearing":138.00658,"speed":1.816536},"geometry":{"type":"Point","coordinates":[139.40031011354168,35.691776568702586]}}
,{"type": "Feature","properties":{"time":"2025-07-02T04:50:19.999Z","provider":"gps","time_long":1751431819999,"accuracy":2.3091106,"altitude":117.61666359548971,"bearing":138.83743,"speed":1.563103},"geometry":{"type":"Point","coordinates":[139.40035325874499,35.691725014510624]}}
,{"type": "Feature","properties":{"time":"2025-07-02T04:50:25.999Z","provider":"gps","time_long":1751431825999,"accuracy":2.69177,"altitude":117.96289132809196,"bearing":165.7741,"speed":1.2746707},"geometry":{"type":"Point","coordinates":[139.40037540021112,35.69168013639012]}}
,{"type": "Feature","properties":{"time":"2025-07-02T04:50:31.999Z","provider":"gps","time_long":1751431831999,"accuracy":2.6257286,"altitude":116.97636763319731,"bearing":141.41983,"speed":1.5563723},"geometry":{"type":"Point","coordinates":[139.4005024352982,35.69161028873221]}}
,{"type": "Feature","properties":{"time":"2025-07-02T04:50:49.999Z","provider":"gps","time_long":1751431849999,"accuracy":2.5749774,"altitude":119.46319197878496,"bearing":157.1123,"speed":0.6831787},"geometry":{"type":"Point","coordinates":[139.4005301994668,35.69168110225699]}}
,{"type": "Feature","properties":{"time":"2025-07-02T04:50:55.999Z","provider":"gps","time_long":1751431855999,"accuracy":2.3727012,"altitude":122.15490051533894,"bearing":134.92065,"speed":1.560937},"geometry":{"type":"Point","coordinates":[139.4005820412075,35.691628823605235]}}
,{"type": "Feature","properties":{"time":"2025-07-02T04:51:01.999Z","provider":"gps","time_long":1751431861999,"accuracy":2.4461634,"altitude":123.39702321144084,"bearing":153.33694,"speed":1.4409535},"geometry":{"type":"Point","coordinates":[139.40064310940932,35.69156862846881]}}
,{"type": "Feature","properties":{"time":"2025-07-02T04:51:07.999Z","provider":"gps","time_long":1751431867999,"accuracy":2.3535106,"altitude":123.8291338796074,"bearing":152.4837,"speed":1.43202},"geometry":{"type":"Point","coordinates":[139.40070329566987,35.69151732280538]}}
,{"type": "Feature","properties":{"time":"2025-07-02T04:51:13.999Z","provider":"gps","time_long":1751431873999,"accuracy":2.2934947,"altitude":124.94451848815206,"bearing":144.86049,"speed":1.4345934},"geometry":{"type":"Point","coordinates":[139.4007345025266,35.691448608546075]}}
,{"type": "Feature","properties":{"time":"2025-07-02T04:51:19.999Z","provider":"gps","time_long":1751431879999,"accuracy":2.2049537,"altitude":125.12362739025092,"bearing":159.45097,"speed":1.412595},"geometry":{"type":"Point","coordinates":[139.40078979093764,35.69138112949396]}}
,{"type": "Feature","properties":{"time":"2025-07-02T04:51:25.999Z","provider":"gps","time_long":1751431885999,"accuracy":2.212542,"altitude":125.09416313721539,"bearing":61.173954,"speed":1.1944366},"geometry":{"type":"Point","coordinates":[139.40083892135092,35.69135831939936]}}
,{"type": "Feature","properties":{"time":"2025-07-02T04:51:31.999Z","provider":"gps","time_long":1751431891999,"accuracy":2.25686,"altitude":125.77707412160889,"bearing":16.765568,"speed":1.5750473},"geometry":{"type":"Point","coordinates":[139.4009210619981,35.69144266124286]}}
,{"type": "Feature","properties":{"time":"2025-07-02T04:51:37.999Z","provider":"gps","time_long":1751431897999,"accuracy":2.397288,"altitude":126.64010891854281,"bearing":38.61924,"speed":1.4560761},"geometry":{"type":"Point","coordinates":[139.40097004077916,35.69150052233828]}}
,{"type": "Feature","properties":{"time":"2025-07-02T04:51:42.999Z","provider":"gps","time_long":1751431902999,"accuracy":2.875574,"altitude":126.26496672198093,"bearing":33.143078,"speed":1.4949656},"geometry":{"type":"Point","coordinates":[139.40099341697788,35.69157049223905]}}
,{"type": "Feature","properties":{"time":"2025-07-02T04:51:48.999Z","provider":"gps","time_long":1751431908999,"accuracy":2.2932153,"altitude":125.14426609970208,"bearing":2.5022905,"speed":1.7139453},"geometry":{"type":"Point","coordinates":[139.4010247372039,35.69166980733125]}}
,{"type": "Feature","properties":{"time":"2025-07-02T04:51:55.000Z","provider":"gps","time_long":1751431915000,"accuracy":2.174746,"altitude":125.35842746781114,"bearing":21.886698,"speed":1.6307311},"geometry":{"type":"Point","coordinates":[139.40108363463844,35.691724266202314]}}
,{"type": "Feature","properties":{"time":"2025-07-02T04:52:01.980Z","provider":"network","time_long":1751431921980,"accuracy":29.942999,"altitude":123.80000305175781},"geometry":{"type":"Point","coordinates":[139.4012231,35.6918614]}}
,{"type": "Feature","properties":{"time":"2025-07-02T04:52:23.000Z","provider":"gps","time_long":1751431943000,"accuracy":2.1763031,"altitude":128.9975413280442,"bearing":119.938255,"speed":1.4673233},"geometry":{"type":"Point","coordinates":[139.4014195794488,35.6918203046937]}}
,{"type": "Feature","properties":{"time":"2025-07-02T04:52:29.000Z","provider":"gps","time_long":1751431949000,"accuracy":2.101564,"altitude":127.11234889999474,"bearing":116.2532,"speed":1.561297},"geometry":{"type":"Point","coordinates":[139.40152784318832,35.691794865746516]}}
,{"type": "Feature","properties":{"time":"2025-07-02T04:52:35.000Z","provider":"gps","time_long":1751431955000,"accuracy":2.1656804,"altitude":126.33306213393234,"bearing":134.56831,"speed":1.4743993},"geometry":{"type":"Point","coordinates":[139.40159973693048,35.6917497982902]}}
,{"type": "Feature","properties":{"time":"2025-07-02T04:52:41.357Z","provider":"network","time_long":1751431961357,"accuracy":33.579,"altitude":123.80000305175781},"geometry":{"type":"Point","coordinates":[139.4017288,35.6917794]}}
,{"type": "Feature","properties":{"time":"2025-07-02T04:52:46.404Z","provider":"network","time_long":1751431966404,"accuracy":30.181,"altitude":123.69999694824219},"geometry":{"type":"Point","coordinates":[139.4018235,35.691767]}}
,{"type": "Feature","properties":{"time":"2025-07-02T04:52:51.000Z","provider":"gps","time_long":1751431971000,"accuracy":2.3277402,"altitude":129.7298787078577,"bearing":108.88191,"speed":1.5356276},"geometry":{"type":"Point","coordinates":[139.4018885901846,35.69171814699588]}}
,{"type": "Feature","properties":{"time":"2025-07-02T04:52:57.000Z","provider":"gps","time_long":1751431977000,"accuracy":2.250849,"altitude":130.43249418248516,"bearing":113.474495,"speed":1.5201457},"geometry":{"type":"Point","coordinates":[139.40197290278505,35.69167491815159]}}
,{"type": "Feature","properties":{"time":"2025-07-02T04:53:03.000Z","provider":"gps","time_long":1751431983000,"accuracy":2.2775006,"altitude":129.90042435427736,"bearing":116.9628,"speed":1.4114366},"geometry":{"type":"Point","coordinates":[139.40204825117738,35.69164144867543]}}
,{"type": "Feature","properties":{"time":"2025-07-02T04:53:09.000Z","provider":"gps","time_long":1751431989000,"accuracy":2.1552396,"altitude":128.78548232962908,"bearing":112.7246,"speed":1.5604355},"geometry":{"type":"Point","coordinates":[139.40215380800018,35.69159204440257]}}
,{"type": "Feature","properties":{"time":"2025-07-02T04:53:15.000Z","provider":"gps","time_long":1751431995000,"accuracy":2.213211,"altitude":127.1415153831286,"bearing":105.74973,"speed":1.5138391},"geometry":{"type":"Point","coordinates":[139.40224467181733,35.69156549426605]}}
,{"type": "Feature","properties":{"time":"2025-07-02T04:53:21.000Z","provider":"gps","time_long":1751432001000,"accuracy":2.3552537,"altitude":127.89042696993194,"bearing":131.07866,"speed":1.4815392},"geometry":{"type":"Point","coordinates":[139.40231598258333,35.691515954238064]}}
,{"type": "Feature","properties":{"time":"2025-07-02T04:53:27.836Z","provider":"network","time_long":1751432007836,"accuracy":22.29,"altitude":123.0999984741211},"geometry":{"type":"Point","coordinates":[139.4024557,35.6914242]}}
,{"type": "Feature","properties":{"time":"2025-07-02T04:53:32.000Z","provider":"gps","time_long":1751432012000,"accuracy":2.1315432,"altitude":125.8828171646704,"bearing":287.3085,"speed":1.4106958},"geometry":{"type":"Point","coordinates":[139.4024796336945,35.69147309322715]}}
,{"type": "Feature","properties":{"time":"2025-07-02T04:53:38.000Z","provider":"gps","time_long":1751432018000,"accuracy":2.0354066,"altitude":125.57303962541828,"bearing":249.09528,"speed":1.4775991},"geometry":{"type":"Point","coordinates":[139.40236840429992,35.69147771334078]}}
,{"type": "Feature","properties":{"time":"2025-07-02T04:53:50.396Z","provider":"network","time_long":1751432030396,"accuracy":30.628,"altitude":123.0999984741211},"geometry":{"type":"Point","coordinates":[139.4024626,35.6914759]}}
,{"type": "Feature","properties":{"time":"2025-07-02T04:53:55.000Z","provider":"gps","time_long":1751432035000,"accuracy":2.1676214,"altitude":124.77405808636824,"bearing":300.19162,"speed":1.3865428},"geometry":{"type":"Point","coordinates":[139.4022919264117,35.691540503586985]}}
,{"type": "Feature","properties":{"time":"2025-07-02T04:54:01.000Z","provider":"gps","time_long":1751432041000,"accuracy":2.1320662,"altitude":124.42854266692414,"bearing":283.8927,"speed":1.4349345},"geometry":{"type":"Point","coordinates":[139.40219615590652,35.69156311379299]}}
,{"type": "Feature","properties":{"time":"2025-07-02T04:54:07.000Z","provider":"gps","time_long":1751432047000,"accuracy":2.2035344,"altitude":124.15886595742948,"bearing":286.55997,"speed":1.7494001},"geometry":{"type":"Point","coordinates":[139.4020782927839,35.69161490099925]}}
,{"type": "Feature","properties":{"time":"2025-07-02T04:54:13.000Z","provider":"gps","time_long":1751432053000,"accuracy":2.514348,"altitude":125.466203697214,"bearing":308.4768,"speed":1.6972315},"geometry":{"type":"Point","coordinates":[139.40199856480334,35.69166945545758]}}
,{"type": "Feature","properties":{"time":"2025-07-02T04:54:25.000Z","provider":"gps","time_long":1751432065000,"accuracy":2.3050816,"altitude":126.93789554064034,"bearing":291.90765,"speed":1.9193499},"geometry":{"type":"Point","coordinates":[139.40182219270403,35.69173978144241]}}
,{"type": "Feature","properties":{"time":"2025-07-02T04:54:31.000Z","provider":"gps","time_long":1751432071000,"accuracy":2.252722,"altitude":126.13225458193764,"bearing":284.64297,"speed":2.0319355},"geometry":{"type":"Point","coordinates":[139.4016893807246,35.69176902457265]}}
,{"type": "Feature","properties":{"time":"2025-07-02T04:54:37.000Z","provider":"gps","time_long":1751432077000,"accuracy":2.1395168,"altitude":125.3197863249201,"bearing":284.19968,"speed":1.7703588},"geometry":{"type":"Point","coordinates":[139.40159334262648,35.69178029063537]}}
,{"type": "Feature","properties":{"time":"2025-07-02T04:54:49.000Z","provider":"gps","time_long":1751432089000,"accuracy":2.117242,"altitude":126.5658219603715,"bearing":296.55652,"speed":1.781898},"geometry":{"type":"Point","coordinates":[139.40144164952048,35.691822615362504]}}
,{"type": "Feature","properties":{"time":"2025-07-02T04:54:55.000Z","provider":"gps","time_long":1751432095000,"accuracy":2.110177,"altitude":127.40585329645315,"bearing":115.16121,"speed":1.6746937},"geometry":{"type":"Point","coordinates":[139.40152431054142,35.69180231392147]}}
,{"type": "Feature","properties":{"time":"2025-07-02T04:55:01.387Z","provider":"network","time_long":1751432101387,"accuracy":30.193,"altitude":123.80000305175781},"geometry":{"type":"Point","coordinates":[139.4016848,35.6918845]}}
,{"type": "Feature","properties":{"time":"2025-07-02T04:55:06.445Z","provider":"network","time_long":1751432106445,"accuracy":35.948997,"altitude":123.9000015258789},"geometry":{"type":"Point","coordinates":[139.4017582,35.6918351]}}
,{"type": "Feature","properties":{"time":"2025-07-02T04:55:17.000Z","provider":"gps","time_long":1751432117000,"accuracy":2.206611,"altitude":125.04585175278784,"bearing":17.878824,"speed":1.6338677},"geometry":{"type":"Point","coordinates":[139.40175830245136,35.691898833105185]}}
,{"type": "Feature","properties":{"time":"2025-07-02T04:55:23.000Z","provider":"gps","time_long":1751432123000,"accuracy":2.3382127,"altitude":127.8798527678135,"bearing":8.33244,"speed":1.5346898},"geometry":{"type":"Point","coordinates":[139.40177635903618,35.69196671022556]}}
,{"type": "Feature","properties":{"time":"2025-07-02T04:55:29.000Z","provider":"gps","time_long":1751432129000,"accuracy":2.1621268,"altitude":128.56539018989696,"bearing":24.02872,"speed":1.5294604},"geometry":{"type":"Point","coordinates":[139.40180791728608,35.69204638718655]}}
,{"type": "Feature","properties":{"time":"2025-07-02T04:55:34.000Z","provider":"gps","time_long":1751432134000,"accuracy":2.2036214,"altitude":127.33504182863567,"bearing":33.9844,"speed":1.6683931},"geometry":{"type":"Point","coordinates":[139.40184221381892,35.692136460327944]}}
,{"type": "Feature","properties":{"time":"2025-07-02T04:55:41.108Z","provider":"network","time_long":1751432141108,"accuracy":20.764,"altitude":123.0},"geometry":{"type":"Point","coordinates":[139.4018927,35.6922289]}}
,{"type": "Feature","properties":{"time":"2025-07-02T04:55:51.000Z","provider":"gps","time_long":1751432151000,"accuracy":2.468258,"altitude":125.00084301695539,"bearing":297.90347,"speed":1.5353488},"geometry":{"type":"Point","coordinates":[139.4018571970625,35.69231764875492]}}
,{"type": "Feature","properties":{"time":"2025-07-02T04:55:57.000Z","provider":"gps","time_long":1751432157000,"accuracy":2.5497549,"altitude":123.47227370128499,"bearing":291.93753,"speed":1.4537561},"geometry":{"type":"Point","coordinates":[139.4017753682953,35.69234739298194]}}
,{"type": "Feature","properties":{"time":"2025-07-02T04:56:03.000Z","provider":"gps","time_long":1751432163000,"accuracy":2.2919695,"altitude":124.2629915596801,"bearing":291.99176,"speed":1.7635648},"geometry":{"type":"Point","coordinates":[139.4016412828556,35.69238527749373]}}
,{"type": "Feature","properties":{"time":"2025-07-02T04:56:15.000Z","provider":"gps","time_long":1751432175000,"accuracy":2.9925773,"altitude":128.12871222411025,"bearing":301.9034,"speed":1.454275},"geometry":{"type":"Point","coordinates":[139.40151239547797,35.69244124987427]}}
,{"type": "Feature","properties":{"time":"2025-07-02T04:56:21.000Z","provider":"gps","time_long":1751432181000,"accuracy":2.9335313,"altitude":129.60928524235555,"bearing":297.8646,"speed":1.4217837},"geometry":{"type":"Point","coordinates":[139.40143568839054,35.692480553321055]}}
,{"type": "Feature","properties":{"time":"2025-07-02T04:56:26.999Z","provider":"gps","time_long":1751432186999,"accuracy":2.9488764,"altitude":130.80477443203333,"bearing":18.7154,"speed":1.349545},"geometry":{"type":"Point","coordinates":[139.40139748967428,35.692526837479434]}}
,{"type": "Feature","properties":{"time":"2025-07-02T04:56:32.999Z","provider":"gps","time_long":1751432192999,"accuracy":2.6520057,"altitude":131.97559904002335,"bearing":26.552479,"speed":1.3145015},"geometry":{"type":"Point","coordinates":[139.40144407551614,35.69258388801305]}}
,{"type": "Feature","properties":{"time":"2025-07-02T04:56:38.999Z","provider":"gps","time_long":1751432198999,"accuracy":3.2201757,"altitude":134.69890672985642,"bearing":24.202452,"speed":1.3176013},"geometry":{"type":"Point","coordinates":[139.40147358604665,35.69264382113556]}}
,{"type": "Feature","properties":{"time":"2025-07-02T04:56:44.999Z","provider":"gps","time_long":1751432204999,"accuracy":2.3784444,"altitude":132.67965701227757,"bearing":296.0454,"speed":1.6857145},"geometry":{"type":"Point","coordinates":[139.4013996301486,35.69275867272313]}}
,{"type": "Feature","properties":{"time":"2025-07-02T04:56:50.999Z","provider":"gps","time_long":1751432210999,"accuracy":2.3536553,"altitude":130.02403908806255,"bearing":296.12418,"speed":1.3419318},"geometry":{"type":"Point","coordinates":[139.40134049041862,35.692805681898314]}}
,{"type": "Feature","properties":{"time":"2025-07-02T04:56:58.219Z","provider":"network","time_long":1751432218219,"accuracy":36.332,"altitude":125.80000305175781},"geometry":{"type":"Point","coordinates":[139.4013157,35.6929219]}}
,{"type": "Feature","properties":{"time":"2025-07-02T04:57:03.278Z","provider":"network","time_long":1751432223278,"accuracy":24.089,"altitude":125.80000305175781},"geometry":{"type":"Point","coordinates":[139.4013397,35.6930732]}}
,{"type": "Feature","properties":{"time":"2025-07-02T04:57:08.335Z","provider":"network","time_long":1751432228335,"accuracy":26.318,"altitude":125.80000305175781},"geometry":{"type":"Point","coordinates":[139.4013455,35.6929967]}}
,{"type": "Feature","properties":{"time":"2025-07-02T04:57:18.999Z","provider":"gps","time_long":1751432238999,"accuracy":2.2850943,"altitude":126.73904608117233,"bearing":17.114712,"speed":1.9766157},"geometry":{"type":"Point","coordinates":[139.40139407430334,35.69313148115078]}}
,{"type": "Feature","properties":{"time":"2025-07-02T04:57:24.999Z","provider":"gps","time_long":1751432244999,"accuracy":2.2223516,"altitude":127.68139424407832,"bearing":30.888826,"speed":1.5271504},"geometry":{"type":"Point","coordinates":[139.40142907737615,35.693183124908046]}}
,{"type": "Feature","properties":{"time":"2025-07-02T04:57:30.999Z","provider":"gps","time_long":1751432250999,"accuracy":2.1565964,"altitude":127.22845133533744,"bearing":13.987774,"speed":1.1888739},"geometry":{"type":"Point","coordinates":[139.4014499535294,35.693245537747345]}}
,{"type": "Feature","properties":{"time":"2025-07-02T04:57:37.369Z","provider":"network","time_long":1751432257369,"accuracy":38.006,"altitude":125.5999984741211},"geometry":{"type":"Point","coordinates":[139.4014406,35.693367]}}
,{"type": "Feature","properties":{"time":"2025-07-02T04:57:41.999Z","provider":"gps","time_long":1751432261999,"accuracy":2.1213346,"altitude":126.72083199750348,"bearing":20.16195,"speed":1.6086552},"geometry":{"type":"Point","coordinates":[139.40150561377533,35.6934199982143]}}
,{"type": "Feature","properties":{"time":"2025-07-02T04:57:47.999Z","provider":"gps","time_long":1751432267999,"accuracy":2.1736956,"altitude":127.20253489262043,"bearing":32.6066,"speed":1.6892884},"geometry":{"type":"Point","coordinates":[139.40154155221805,35.69351223999228]}}
,{"type": "Feature","properties":{"time":"2025-07-02T04:57:52.999Z","provider":"gps","time_long":1751432272999,"accuracy":2.2436707,"altitude":126.37972927895167,"bearing":20.901068,"speed":1.4891216},"geometry":{"type":"Point","coordinates":[139.40155932288675,35.693560282978154]}}
,{"type": "Feature","properties":{"time":"2025-07-02T04:57:58.999Z","provider":"gps","time_long":1751432278999,"accuracy":2.2807796,"altitude":126.92997574023443,"bearing":65.23116,"speed":1.4558232},"geometry":{"type":"Point","coordinates":[139.40163383258042,35.693605109048896]}}
,{"type": "Feature","properties":{"time":"2025-07-02T04:58:04.999Z","provider":"gps","time_long":1751432284999,"accuracy":2.4877691,"altitude":126.55168361889997,"bearing":74.345604,"speed":1.8078806},"geometry":{"type":"Point","coordinates":[139.40177462633005,35.693632622494455]}}
,{"type": "Feature","properties":{"time":"2025-07-02T04:58:10.999Z","provider":"gps","time_long":1751432290999,"accuracy":2.2405493,"altitude":127.42827254925416,"bearing":86.42973,"speed":1.7502292},"geometry":{"type":"Point","coordinates":[139.4018761649108,35.69362157534549]}}
,{"type": "Feature","properties":{"time":"2025-07-02T04:58:16.999Z","provider":"gps","time_long":1751432296999,"accuracy":2.2649121,"altitude":128.195980753903,"bearing":157.969,"speed":1.4355391},"geometry":{"type":"Point","coordinates":[139.40193256183454,35.69359274872549]}}
,{"type": "Feature","properties":{"time":"2025-07-02T04:58:22.999Z","provider":"gps","time_long":1751432302999,"accuracy":2.2434173,"altitude":129.59305053137285,"bearing":117.08178,"speed":1.4077933},"geometry":{"type":"Point","coordinates":[139.40203074525445,35.69360072438137]}}
,{"type": "Feature","properties":{"time":"2025-07-02T04:58:29.368Z","provider":"network","time_long":1751432309368,"accuracy":29.55,"altitude":128.0},"geometry":{"type":"Point","coordinates":[139.402104,35.6936301]}}
,{"type": "Feature","properties":{"time":"2025-07-02T04:58:33.999Z","provider":"gps","time_long":1751432313999,"accuracy":2.3035924,"altitude":129.9484434127571,"bearing":116.13408,"speed":1.543017},"geometry":{"type":"Point","coordinates":[139.40223688827604,35.69359749532926]}}
,{"type": "Feature","properties":{"time":"2025-07-02T04:58:39.999Z","provider":"gps","time_long":1751432319999,"accuracy":2.2402997,"altitude":128.36069210656152,"bearing":125.1064,"speed":1.4974682},"geometry":{"type":"Point","coordinates":[139.40233238750446,35.69357242359076]}}
,{"type": "Feature","properties":{"time":"2025-07-02T04:58:46.680Z","provider":"network","time_long":1751432326680,"accuracy":19.99,"altitude":125.0999984741211},"geometry":{"type":"Point","coordinates":[139.4023958,35.693526]}}
,{"type": "Feature","properties":{"time":"2025-07-02T04:58:50.999Z","provider":"gps","time_long":1751432330999,"accuracy":2.2886863,"altitude":130.4733476009084,"bearing":126.08463,"speed":1.7248366},"geometry":{"type":"Point","coordinates":[139.4024844832108,35.69346252945226]}}
,{"type": "Feature","properties":{"time":"2025-07-02T04:58:56.999Z","provider":"gps","time_long":1751432336999,"accuracy":2.282084,"altitude":132.54863558128332,"bearing":135.77115,"speed":1.6070273},"geometry":{"type":"Point","coordinates":[139.40254865280852,35.69340481784882]}}
,{"type": "Feature","properties":{"time":"2025-07-02T04:59:02.999Z","provider":"gps","time_long":1751432342999,"accuracy":2.2067258,"altitude":131.76892124892663,"bearing":148.56128,"speed":1.3658702},"geometry":{"type":"Point","coordinates":[139.40262107578152,35.6933850518647]}}
,{"type": "Feature","properties":{"time":"2025-07-02T04:59:10.180Z","provider":"network","time_long":1751432350180,"accuracy":23.802,"altitude":124.9000015258789},"geometry":{"type":"Point","coordinates":[139.402744,35.6933891]}}
,{"type": "Feature","properties":{"time":"2025-07-02T04:59:14.999Z","provider":"gps","time_long":1751432354999,"accuracy":2.3500748,"altitude":128.982290451864,"bearing":100.10437,"speed":1.9016179},"geometry":{"type":"Point","coordinates":[139.40288312852175,35.69333784039048]}}
,{"type": "Feature","properties":{"time":"2025-07-02T04:59:20.999Z","provider":"gps","time_long":1751432360999,"accuracy":2.5040627,"altitude":130.25066873885956,"bearing":107.83864,"speed":1.5601373},"geometry":{"type":"Point","coordinates":[139.40296187295644,35.69330471181586]}}
,{"type": "Feature","properties":{"time":"2025-07-02T04:59:27.709Z","provider":"network","time_long":1751432367709,"accuracy":12.687,"altitude":124.69999694824219},"geometry":{"type":"Point","coordinates":[139.4030634,35.6932829]}}
,{"type": "Feature","properties":{"time":"2025-07-02T04:59:31.999Z","provider":"gps","time_long":1751432371999,"accuracy":2.335401,"altitude":130.99499116759665,"bearing":116.700615,"speed":1.5569466},"geometry":{"type":"Point","coordinates":[139.4031609145757,35.69327818565997]}}
,{"type": "Feature","properties":{"time":"2025-07-02T04:59:37.999Z","provider":"gps","time_long":1751432377999,"accuracy":2.3179317,"altitude":128.552320187914,"bearing":48.31299,"speed":1.5157616},"geometry":{"type":"Point","coordinates":[139.4032332567664,35.69325837965008]}}
,{"type": "Feature","properties":{"time":"2025-07-02T04:59:43.999Z","provider":"gps","time_long":1751432383999,"accuracy":2.46768,"altitude":128.4429536934453,"bearing":55.26322,"speed":1.1312639},"geometry":{"type":"Point","coordinates":[139.403273135928,35.69331017048227]}}
,{"type": "Feature","properties":{"time":"2025-07-02T04:59:49.999Z","provider":"gps","time_long":1751432389999,"accuracy":2.1897266,"altitude":127.22133018735141,"bearing":15.450844,"speed":0.73551553},"geometry":{"type":"Point","coordinates":[139.40328721258533,35.693398391789216]}}
,{"type": "Feature","properties":{"time":"2025-07-02T04:59:57.171Z","provider":"network","time_long":1751432397171,"accuracy":17.435,"altitude":124.5999984741211},"geometry":{"type":"Point","coordinates":[139.4033145,35.693569]}}
,{"type": "Feature","properties":{"time":"2025-07-02T05:00:01.999Z","provider":"gps","time_long":1751432401999,"accuracy":2.2010627,"altitude":125.84508672419713,"bearing":3.1360703,"speed":1.8502915},"geometry":{"type":"Point","coordinates":[139.40337590987855,35.69360347577581]}}
,{"type": "Feature","properties":{"time":"2025-07-02T05:00:12.999Z","provider":"gps","time_long":1751432412999,"accuracy":2.2564662,"altitude":127.85047047641856,"bearing":23.348211,"speed":1.4775363},"geometry":{"type":"Point","coordinates":[139.40343198346687,35.69367835814194]}}
,{"type": "Feature","properties":{"time":"2025-07-02T05:00:18.999Z","provider":"gps","time_long":1751432418999,"accuracy":2.239715,"altitude":128.38831759485484,"bearing":20.69659,"speed":1.5081065},"geometry":{"type":"Point","coordinates":[139.40347038102306,35.693757028533255]}}
,{"type": "Feature","properties":{"time":"2025-07-02T05:00:25.387Z","provider":"network","time_long":1751432425387,"accuracy":32.915,"altitude":125.19999694824219},"geometry":{"type":"Point","coordinates":[139.4034748,35.693863]}}
,{"type": "Feature","properties":{"time":"2025-07-02T05:00:29.999Z","provider":"gps","time_long":1751432429999,"accuracy":2.222008,"altitude":127.1832799479563,"bearing":71.68854,"speed":1.4401169},"geometry":{"type":"Point","coordinates":[139.4035505017355,35.69387344874882]}}
,{"type": "Feature","properties":{"time":"2025-07-02T05:00:37.130Z","provider":"network","time_long":1751432437130,"accuracy":19.841,"altitude":125.19999694824219},"geometry":{"type":"Point","coordinates":[139.4036309,35.6938879]}}
,{"type": "Feature","properties":{"time":"2025-07-02T05:00:40.999Z","provider":"gps","time_long":1751432440999,"accuracy":2.3383346,"altitude":127.79060520677486,"bearing":117.62578,"speed":1.4624519},"geometry":{"type":"Point","coordinates":[139.40369256861618,35.6938243945059]}}
,{"type": "Feature","properties":{"time":"2025-07-02T05:00:46.999Z","provider":"gps","time_long":1751432446999,"accuracy":2.2717946,"altitude":129.53712283591813,"bearing":117.0932,"speed":1.4064064},"geometry":{"type":"Point","coordinates":[139.4037656201763,35.69379728753816]}}
,{"type": "Feature","properties":{"time":"2025-07-02T05:00:53.668Z","provider":"network","time_long":1751432453668,"accuracy":36.965,"altitude":125.0},"geometry":{"type":"Point","coordinates":[139.4040881,35.6936588]}}
,{"type": "Feature","properties":{"time":"2025-07-02T05:00:58.000Z","provider":"gps","time_long":1751432458000,"accuracy":2.0508945,"altitude":127.75183588562516,"bearing":152.16042,"speed":1.3903003},"geometry":{"type":"Point","coordinates":[139.40392551153704,35.693735785419165]}}
,{"type": "Feature","properties":{"time":"2025-07-02T05:01:04.000Z","provider":"gps","time_long":1751432464000,"accuracy":2.1188357,"altitude":125.86061364836932,"bearing":141.98088,"speed":1.4512947},"geometry":{"type":"Point","coordinates":[139.40397687789107,35.69366373247683]}}
,{"type": "Feature","properties":{"time":"2025-07-02T05:01:10.000Z","provider":"gps","time_long":1751432470000,"accuracy":2.2185822,"altitude":126.30098657390853,"bearing":118.63018,"speed":1.8458054},"geometry":{"type":"Point","coordinates":[139.4040868198405,35.69358856882069]}}
,{"type": "Feature","properties":{"time":"2025-07-02T05:01:16.000Z","provider":"gps","time_long":1751432476000,"accuracy":2.1072912,"altitude":128.0766158612647,"bearing":120.146034,"speed":1.6536305},"geometry":{"type":"Point","coordinates":[139.40416390540474,35.693577624112244]}}
,{"type": "Feature","properties":{"time":"2025-07-02T05:01:22.000Z","provider":"gps","time_long":1751432482000,"accuracy":2.126297,"altitude":125.8428163958711,"bearing":106.01281,"speed":1.1176128},"geometry":{"type":"Point","coordinates":[139.40422737628978,35.69358147571592]}}
,{"type": "Feature","properties":{"time":"2025-07-02T05:01:28.360Z","provider":"network","time_long":1751432488360,"accuracy":29.873001,"altitude":124.80000305175781},"geometry":{"type":"Point","coordinates":[139.4043435,35.6936348]}}
,{"type": "Feature","properties":{"time":"2025-07-02T05:01:33.000Z","provider":"gps","time_long":1751432493000,"accuracy":2.1296015,"altitude":128.70567035670354,"bearing":54.91171,"speed":1.3842292},"geometry":{"type":"Point","coordinates":[139.4044178206975,35.69361426374991]}}
,{"type": "Feature","properties":{"time":"2025-07-02T05:01:39.333Z","provider":"network","time_long":1751432499333,"accuracy":29.73,"altitude":124.80000305175781},"geometry":{"type":"Point","coordinates":[139.4044357,35.6935426]}}
,{"type": "Feature","properties":{"time":"2025-07-02T05:01:44.783Z","provider":"network","time_long":1751432504783,"accuracy":26.292,"altitude":124.80000305175781},"geometry":{"type":"Point","coordinates":[139.4045229,35.6935503]}}
,{"type": "Feature","properties":{"time":"2025-07-02T05:01:49.000Z","provider":"gps","time_long":1751432509000,"accuracy":2.2182422,"altitude":128.2235878993724,"bearing":68.972084,"speed":1.5740926},"geometry":{"type":"Point","coordinates":[139.40467733263034,35.69364662556644]}}
,{"type": "Feature","properties":{"time":"2025-07-02T05:02:01.000Z","provider":"gps","time_long":1751432521000,"accuracy":2.1991596,"altitude":128.49759348151628,"bearing":76.39548,"speed":1.5194291},"geometry":{"type":"Point","coordinates":[139.40484101319518,35.693722479835934]}}
,{"type": "Feature","properties":{"time":"2025-07-02T05:02:07.000Z","provider":"gps","time_long":1751432527000,"accuracy":2.2600458,"altitude":130.73720451313272,"bearing":46.161743,"speed":1.7270734},"geometry":{"type":"Point","coordinates":[139.40495682352915,35.693768412719045]}}
,{"type": "Feature","properties":{"time":"2025-07-02T05:02:13.000Z","provider":"gps","time_long":1751432533000,"accuracy":2.2064626,"altitude":128.85934636721973,"bearing":54.287926,"speed":1.6229966},"geometry":{"type":"Point","coordinates":[139.40501461974276,35.693817187373014]}}
,{"type": "Feature","properties":{"time":"2025-07-02T05:02:25.000Z","provider":"gps","time_long":1751432545000,"accuracy":2.311421,"altitude":130.58349363179283,"bearing":59.220554,"speed":1.6635602},"geometry":{"type":"Point","coordinates":[139.40518501225853,35.69388733914363]}}
,{"type": "Feature","properties":{"time":"2025-07-02T05:02:31.000Z","provider":"gps","time_long":1751432551000,"accuracy":2.487954,"altitude":129.4093498049605,"bearing":54.881603,"speed":1.5249414},"geometry":{"type":"Point","coordinates":[139.40529205110744,35.693920731669124]}}
,{"type": "Feature","properties":{"time":"2025-07-02T05:02:37.000Z","provider":"gps","time_long":1751432557000,"accuracy":2.610071,"altitude":128.51836200572316,"bearing":52.138535,"speed":1.4108903},"geometry":{"type":"Point","coordinates":[139.40535536385426,35.69397410394539]}}
,{"type": "Feature","properties":{"time":"2025-07-02T05:02:43.350Z","provider":"network","time_long":1751432563350,"accuracy":32.510002,"altitude":125.5999984741211},"geometry":{"type":"Point","coordinates":[139.4055847,35.694058]}}
,{"type": "Feature","properties":{"time":"2025-07-02T05:02:48.721Z","provider":"network","time_long":1751432568721,"accuracy":24.327,"altitude":125.5999984741211},"geometry":{"type":"Point","coordinates":[139.4057373,35.6940988]}}
,{"type": "Feature","properties":{"time":"2025-07-02T05:02:53.000Z","provider":"gps","time_long":1751432573000,"accuracy":2.6033852,"altitude":132.65981739512455,"bearing":101.64689,"speed":1.4634202},"geometry":{"type":"Point","coordinates":[139.40560342742683,35.694019357905056]}}
,{"type": "Feature","properties":{"time":"2025-07-02T05:03:05.000Z","provider":"gps","time_long":1751432585000,"accuracy":2.6834297,"altitude":132.90506830728302,"bearing":63.84229,"speed":2.8838062},"geometry":{"type":"Point","coordinates":[139.40582677688874,35.69408274831724]}}
,{"type": "Feature","properties":{"time":"2025-07-02T05:03:11.000Z","provider":"gps","time_long":1751432591000,"accuracy":2.67773,"altitude":132.74597181884803,"bearing":49.86984,"speed":2.1935136},"geometry":{"type":"Point","coordinates":[139.4059126428561,35.69414937142789]}}
,{"type": "Feature","properties":{"time":"2025-07-02T05:03:17.000Z","provider":"gps","time_long":1751432597000,"accuracy":2.3469057,"altitude":133.3977945123704,"bearing":96.456726,"speed":1.3536851},"geometry":{"type":"Point","coordinates":[139.4059629536028,35.69419277683638]}}
,{"type": "Feature","properties":{"time":"2025-07-02T05:03:23.000Z","provider":"gps","time_long":1751432603000,"accuracy":2.3154092,"altitude":130.53595036881168,"bearing":49.82665,"speed":1.8258625},"geometry":{"type":"Point","coordinates":[139.40605890787077,35.694263333386104]}}
,{"type": "Feature","properties":{"time":"2025-07-02T05:03:29.000Z","provider":"gps","time_long":1751432609000,"accuracy":2.3713002,"altitude":127.31658470250406,"bearing":35.758522,"speed":1.8584602},"geometry":{"type":"Point","coordinates":[139.40614744409586,35.6943298073795]}}
,{"type": "Feature","properties":{"time":"2025-07-02T05:03:35.000Z","provider":"gps","time_long":1751432615000,"accuracy":2.1323245,"altitude":127.75653790261254,"bearing":82.99833,"speed":1.5332592},"geometry":{"type":"Point","coordinates":[139.40622610247226,35.69434997036348]}}
,{"type": "Feature","properties":{"time":"2025-07-02T05:03:41.000Z","provider":"gps","time_long":1751432621000,"accuracy":2.2096343,"altitude":125.32119188074546,"bearing":35.69093,"speed":1.5697548},"geometry":{"type":"Point","coordinates":[139.40627736334534,35.694428033153585]}}
,{"type": "Feature","properties":{"time":"2025-07-02T05:03:47.000Z","provider":"gps","time_long":1751432627000,"accuracy":2.309352,"altitude":126.02365411687202,"bearing":42.200924,"speed":1.5653418},"geometry":{"type":"Point","coordinates":[139.40634773193148,35.69448487875422]}}
,{"type": "Feature","properties":{"time":"2025-07-02T05:03:53.000Z","provider":"gps","time_long":1751432633000,"accuracy":2.2374778,"altitude":127.16176363070063,"bearing":14.986743,"speed":1.5015798},"geometry":{"type":"Point","coordinates":[139.40640519528657,35.6945469696267]}}
,{"type": "Feature","properties":{"time":"2025-07-02T05:03:59.000Z","provider":"gps","time_long":1751432639000,"accuracy":2.2658603,"altitude":128.52102001945153,"bearing":37.311123,"speed":1.5865355},"geometry":{"type":"Point","coordinates":[139.406483879594,35.6946072912504]}}
,{"type": "Feature","properties":{"time":"2025-07-02T05:04:05.000Z","provider":"gps","time_long":1751432645000,"accuracy":2.156158,"altitude":128.4938263162018,"bearing":31.790009,"speed":1.5112209},"geometry":{"type":"Point","coordinates":[139.40653249729812,35.69467020008317]}}
,{"type": "Feature","properties":{"time":"2025-07-02T05:04:11.000Z","provider":"gps","time_long":1751432651000,"accuracy":2.248172,"altitude":127.71096910146316,"bearing":35.68706,"speed":1.4484706},"geometry":{"type":"Point","coordinates":[139.406596510972,35.694725140707725]}}
,{"type": "Feature","properties":{"time":"2025-07-02T05:04:17.000Z","provider":"gps","time_long":1751432657000,"accuracy":2.0844996,"altitude":127.88058680910967,"bearing":33.19821,"speed":1.7224827},"geometry":{"type":"Point","coordinates":[139.40667660119507,35.69480810815515]}}
,{"type": "Feature","properties":{"time":"2025-07-02T05:04:23.000Z","provider":"gps","time_long":1751432663000,"accuracy":2.1291435,"altitude":128.99666090791354,"bearing":85.390976,"speed":1.5083611},"geometry":{"type":"Point","coordinates":[139.40674835458623,35.69484172921528]}}
,{"type": "Feature","properties":{"time":"2025-07-02T05:04:29.000Z","provider":"gps","time_long":1751432669000,"accuracy":2.0642958,"altitude":127.66106294741972,"bearing":91.52211,"speed":1.289659},"geometry":{"type":"Point","coordinates":[139.40680954618716,35.694879895327276]}}
,{"type": "Feature","properties":{"time":"2025-07-02T05:04:35.000Z","provider":"gps","time_long":1751432675000,"accuracy":2.3576007,"altitude":125.69279013962753,"bearing":44.696568,"speed":1.4093294},"geometry":{"type":"Point","coordinates":[139.40688913971633,35.69494112543532]}}
,{"type": "Feature","properties":{"time":"2025-07-02T05:04:41.000Z","provider":"gps","time_long":1751432681000,"accuracy":2.3661258,"altitude":127.37085297643013,"bearing":41.579975,"speed":1.4490421},"geometry":{"type":"Point","coordinates":[139.40695426864724,35.69499938824231]}}
,{"type": "Feature","properties":{"time":"2025-07-02T05:04:47.000Z","provider":"gps","time_long":1751432687000,"accuracy":2.3950927,"altitude":126.8095398119877,"bearing":77.54308,"speed":1.2278535},"geometry":{"type":"Point","coordinates":[139.40703674561044,35.69502782368241]}}
,{"type": "Feature","properties":{"time":"2025-07-02T05:04:53.000Z","provider":"gps","time_long":1751432693000,"accuracy":2.1326256,"altitude":127.14520867098864,"bearing":43.34058,"speed":1.6673479},"geometry":{"type":"Point","coordinates":[139.4071412915023,35.69509459874524]}}
,{"type": "Feature","properties":{"time":"2025-07-02T05:04:59.000Z","provider":"gps","time_long":1751432699000,"accuracy":2.2519832,"altitude":126.36516644543784,"bearing":32.44712,"speed":2.1420047},"geometry":{"type":"Point","coordinates":[139.40724028015234,35.69517726298243]}}
,{"type": "Feature","properties":{"time":"2025-07-02T05:05:05.000Z","provider":"gps","time_long":1751432705000,"accuracy":2.2686777,"altitude":126.42111263683422,"bearing":64.65661,"speed":1.7908299},"geometry":{"type":"Point","coordinates":[139.4073106383028,35.69521023550453]}}
,{"type": "Feature","properties":{"time":"2025-07-02T05:05:11.000Z","provider":"gps","time_long":1751432711000,"accuracy":2.1333017,"altitude":125.89178635964686,"bearing":87.91172,"speed":1.2264202},"geometry":{"type":"Point","coordinates":[139.40737913169974,35.695237236431474]}}
,{"type": "Feature","properties":{"time":"2025-07-02T05:05:17.000Z","provider":"gps","time_long":1751432717000,"accuracy":2.2080457,"altitude":125.01073086800515,"bearing":97.34839,"speed":0.24063998},"geometry":{"type":"Point","coordinates":[139.40744406639087,35.69525713800426]}}
,{"type": "Feature","properties":{"time":"2025-07-02T05:05:23.000Z","provider":"gps","time_long":1751432723000,"accuracy":2.062823,"altitude":126.0743895092811,"bearing":31.715069,"speed":2.0690827},"geometry":{"type":"Point","coordinates":[139.40757906714717,35.69534149285874]}}
,{"type": "Feature","properties":{"time":"2025-07-02T05:05:28.999Z","provider":"gps","time_long":1751432728999,"accuracy":2.127033,"altitude":128.1632630062433,"bearing":36.9156,"speed":2.0716376},"geometry":{"type":"Point","coordinates":[139.40767725459645,35.69540957895315]}}
,{"type": "Feature","properties":{"time":"2025-07-02T05:05:34.999Z","provider":"gps","time_long":1751432734999,"accuracy":2.1687336,"altitude":128.94187107751097,"bearing":124.76954,"speed":1.1908088},"geometry":{"type":"Point","coordinates":[139.40773450571274,35.69542150745675]}}
,{"type": "Feature","properties":{"time":"2025-07-02T05:05:40.999Z","provider":"gps","time_long":1751432740999,"accuracy":2.3710546,"altitude":128.22381196968126,"bearing":39.661186,"speed":1.5008929},"geometry":{"type":"Point","coordinates":[139.4078105386976,35.69546657729141]}}
,{"type": "Feature","properties":{"time":"2025-07-02T05:05:46.999Z","provider":"gps","time_long":1751432746999,"accuracy":2.2400048,"altitude":130.25472362724653,"bearing":58.157715,"speed":2.136214},"geometry":{"type":"Point","coordinates":[139.40792769640706,35.69552478950302]}}
,{"type": "Feature","properties":{"time":"2025-07-02T05:05:52.999Z","provider":"gps","time_long":1751432752999,"accuracy":2.122386,"altitude":131.82509274618025,"bearing":103.04631,"speed":1.4769474},"geometry":{"type":"Point","coordinates":[139.407987181814,35.69554210052314]}}
,{"type": "Feature","properties":{"time":"2025-07-02T05:05:58.999Z","provider":"gps","time_long":1751432758999,"accuracy":2.2947323,"altitude":127.98510131265071,"bearing":27.602634,"speed":1.4842454},"geometry":{"type":"Point","coordinates":[139.40802413009087,35.69562693445454]}}
,{"type": "Feature","properties":{"time":"2025-07-02T05:06:04.999Z","provider":"gps","time_long":1751432764999,"accuracy":2.363071,"altitude":127.11081953636042,"bearing":26.81337,"speed":1.9441135},"geometry":{"type":"Point","coordinates":[139.4081037603011,35.69572011273356]}}
,{"type": "Feature","properties":{"time":"2025-07-02T05:06:10.999Z","provider":"gps","time_long":1751432770999,"accuracy":2.155581,"altitude":130.15692327002137,"bearing":19.888813,"speed":1.7354074},"geometry":{"type":"Point","coordinates":[139.40814679129184,35.69577525283326]}}
,{"type": "Feature","properties":{"time":"2025-07-02T05:06:16.999Z","provider":"gps","time_long":1751432776999,"accuracy":2.116179,"altitude":129.45025250328203,"bearing":27.62898,"speed":1.6425333},"geometry":{"type":"Point","coordinates":[139.40819808934882,35.69584599728978]}}
,{"type": "Feature","properties":{"time":"2025-07-02T05:06:22.999Z","provider":"gps","time_long":1751432782999,"accuracy":2.4261808,"altitude":127.89789449889528,"bearing":23.969566,"speed":1.472914},"geometry":{"type":"Point","coordinates":[139.40830020174099,35.695884254332704]}}
,{"type": "Feature","properties":{"time":"2025-07-02T05:06:28.999Z","provider":"gps","time_long":1751432788999,"accuracy":2.3716104,"altitude":130.20430737553875,"bearing":46.34105,"speed":0.34595984},"geometry":{"type":"Point","coordinates":[139.4083297510302,35.695942026944344]}}
,{"type": "Feature","properties":{"time":"2025-07-02T05:06:34.999Z","provider":"gps","time_long":1751432794999,"accuracy":2.305062,"altitude":129.19544744030142,"bearing":41.33969,"speed":1.4399402},"geometry":{"type":"Point","coordinates":[139.40835356062817,35.69603596811259]}}
,{"type": "Feature","properties":{"time":"2025-07-02T05:06:40.999Z","provider":"gps","time_long":1751432800999,"accuracy":2.3342807,"altitude":128.07937742862526,"bearing":32.057365,"speed":2.2189786},"geometry":{"type":"Point","coordinates":[139.40841883567478,35.696148351116356]}}
,{"type": "Feature","properties":{"time":"2025-07-02T05:06:46.999Z","provider":"gps","time_long":1751432806999,"accuracy":2.6789138,"altitude":126.6932579856475,"bearing":25.466425,"speed":1.7386198},"geometry":{"type":"Point","coordinates":[139.4084552276529,35.69619923717536]}}
,{"type": "Feature","properties":{"time":"2025-07-02T05:06:52.999Z","provider":"gps","time_long":1751432812999,"accuracy":2.3712795,"altitude":125.44780501759386,"bearing":44.17966,"speed":1.450733},"geometry":{"type":"Point","coordinates":[139.4084996883039,35.69624369840404]}}
,{"type": "Feature","properties":{"time":"2025-07-02T05:06:58.999Z","provider":"gps","time_long":1751432818999,"accuracy":2.528664,"altitude":124.59848016870315,"bearing":22.167564,"speed":1.6173661},"geometry":{"type":"Point","coordinates":[139.40857406190582,35.69632735159464]}}
,{"type": "Feature","properties":{"time":"2025-07-02T05:07:04.999Z","provider":"gps","time_long":1751432824999,"accuracy":2.6198337,"altitude":124.35256009212017,"bearing":26.206982,"speed":1.8325115},"geometry":{"type":"Point","coordinates":[139.4086382558514,35.69642013517028]}}
,{"type": "Feature","properties":{"time":"2025-07-02T05:07:10.999Z","provider":"gps","time_long":1751432830999,"accuracy":2.530679,"altitude":123.62138654922452,"bearing":66.54895,"speed":1.4784454},"geometry":{"type":"Point","coordinates":[139.40870646327443,35.69645535903011]}}
,{"type": "Feature","properties":{"time":"2025-07-02T05:07:16.999Z","provider":"gps","time_long":1751432836999,"accuracy":2.4701502,"altitude":123.13196423064902,"bearing":41.05419,"speed":0.99394464},"geometry":{"type":"Point","coordinates":[139.40876061449043,35.696489706389016]}}
,{"type": "Feature","properties":{"time":"2025-07-02T05:07:22.999Z","provider":"gps","time_long":1751432842999,"accuracy":2.3628275,"altitude":123.17711487395371,"bearing":31.398626,"speed":2.2307744},"geometry":{"type":"Point","coordinates":[139.40884535973345,35.696599599672076]}}
,{"type": "Feature","properties":{"time":"2025-07-02T05:07:28.999Z","provider":"gps","time_long":1751432848999,"accuracy":2.4566226,"altitude":124.98750145733858,"bearing":58.39598,"speed":1.9601924},"geometry":{"type":"Point","coordinates":[139.40893419393643,35.69664891808914]}}
,{"type": "Feature","properties":{"time":"2025-07-02T05:07:40.999Z","provider":"gps","time_long":1751432860999,"accuracy":2.163413,"altitude":127.12016917039263,"bearing":50.10869,"speed":1.8151546},"geometry":{"type":"Point","coordinates":[139.40906617144577,35.69674140877722]}}
,{"type": "Feature","properties":{"time":"2025-07-02T05:07:46.999Z","provider":"gps","time_long":1751432866999,"accuracy":2.2526567,"altitude":127.31069818607097,"bearing":107.36074,"speed":1.3070498},"geometry":{"type":"Point","coordinates":[139.4091363136689,35.696705644348505]}}
,{"type": "Feature","properties":{"time":"2025-07-02T05:07:52.999Z","provider":"gps","time_long":1751432872999,"accuracy":2.5038455,"altitude":128.43035766226203,"bearing":99.33149,"speed":1.6961149},"geometry":{"type":"Point","coordinates":[139.4092537258895,35.69670596220382]}}
,{"type": "Feature","properties":{"time":"2025-07-02T05:08:24.121Z","provider":"network","time_long":1751432904121,"accuracy":32.394,"altitude":125.5999984741211},"geometry":{"type":"Point","coordinates":[139.4093462,35.6968345]}}
,{"type": "Feature","properties":{"time":"2025-07-02T05:08:28.999Z","provider":"gps","time_long":1751432908999,"accuracy":2.8799763,"altitude":131.9429141908492,"bearing":48.640453,"speed":2.0320704},"geometry":{"type":"Point","coordinates":[139.40946174353547,35.69691110764289]}}
,{"type": "Feature","properties":{"time":"2025-07-02T05:08:34.999Z","provider":"gps","time_long":1751432914999,"accuracy":3.0411978,"altitude":130.57421509543738,"bearing":32.51011,"speed":1.7792448},"geometry":{"type":"Point","coordinates":[139.40952089074364,35.696982218070794]}}
,{"type": "Feature","properties":{"time":"2025-07-02T05:08:40.999Z","provider":"gps","time_long":1751432920999,"accuracy":2.9140995,"altitude":128.72186054343084,"bearing":48.24144,"speed":1.5775032},"geometry":{"type":"Point","coordinates":[139.4095937375691,35.69703120261951]}}
,{"type": "Feature","properties":{"time":"2025-07-02T05:08:45.999Z","provider":"gps","time_long":1751432925999,"accuracy":2.6360967,"altitude":129.01739365452957,"bearing":52.013935,"speed":1.5434396},"geometry":{"type":"Point","coordinates":[139.40964917200031,35.697085246957386]}}
,{"type": "Feature","properties":{"time":"2025-07-02T05:08:51.999Z","provider":"gps","time_long":1751432931999,"accuracy":3.0032752,"altitude":127.92734879051274,"bearing":31.479877,"speed":1.4888465},"geometry":{"type":"Point","coordinates":[139.4097054463298,35.697149020679056]}}
,{"type": "Feature","properties":{"time":"2025-07-02T05:09:02.999Z","provider":"gps","time_long":1751432942999,"accuracy":2.7691367,"altitude":127.78736134842003,"bearing":32.989918,"speed":1.8336804},"geometry":{"type":"Point","coordinates":[139.4098867702385,35.697249494701566]}}
,{"type": "Feature","properties":{"time":"2025-07-02T05:09:08.999Z","provider":"gps","time_long":1751432948999,"accuracy":2.8098621,"altitude":128.65266219405893,"bearing":3.4255674,"speed":1.5781748},"geometry":{"type":"Point","coordinates":[139.40994472510224,35.69729215966538]}}
,{"type": "Feature","properties":{"time":"2025-07-02T05:09:20.999Z","provider":"gps","time_long":1751432960999,"accuracy":2.5819597,"altitude":130.0940823128625,"bearing":29.281359,"speed":1.7222865},"geometry":{"type":"Point","coordinates":[139.41003038566262,35.697377774500374]}}
,{"type": "Feature","properties":{"time":"2025-07-02T05:09:26.999Z","provider":"gps","time_long":1751432966999,"accuracy":2.6683526,"altitude":127.93033796020764,"bearing":29.88537,"speed":1.9749247},"geometry":{"type":"Point","coordinates":[139.41010042617975,35.69747727428061]}}
,{"type": "Feature","properties":{"time":"2025-07-02T05:09:32.999Z","provider":"gps","time_long":1751432972999,"accuracy":3.0160012,"altitude":127.07317148186428,"bearing":51.347485,"speed":1.7371393},"geometry":{"type":"Point","coordinates":[139.41017021639763,35.69752345777627]}}
,{"type": "Feature","properties":{"time":"2025-07-02T05:09:38.999Z","provider":"gps","time_long":1751432978999,"accuracy":2.787171,"altitude":126.9326794673946,"bearing":82.62989,"speed":1.1415217},"geometry":{"type":"Point","coordinates":[139.41021637454108,35.69755142695455]}}
,{"type": "Feature","properties":{"time":"2025-07-02T05:09:44.999Z","provider":"gps","time_long":1751432984999,"accuracy":3.6858163,"altitude":125.48586597505177,"bearing":106.67277,"speed":1.3811841},"geometry":{"type":"Point","coordinates":[139.4103248026294,35.697586074556064]}}
,{"type": "Feature","properties":{"time":"2025-07-02T05:09:50.999Z","provider":"gps","time_long":1751432990999,"accuracy":4.0100675,"altitude":124.34391972123566,"bearing":89.97422,"speed":2.1166587},"geometry":{"type":"Point","coordinates":[139.41047201249728,35.69763678362109]}}
,{"type": "Feature","properties":{"time":"2025-07-02T05:09:56.999Z","provider":"gps","time_long":1751432996999,"accuracy":3.5311182,"altitude":126.61440569751326,"bearing":106.42914,"speed":2.0260553},"geometry":{"type":"Point","coordinates":[139.4105820852541,35.69761757024487]}}
,{"type": "Feature","properties":{"time":"2025-07-02T05:10:09.000Z","provider":"gps","time_long":1751433009000,"accuracy":3.1277833,"altitude":127.88670478434896,"bearing":155.73497,"speed":1.646924},"geometry":{"type":"Point","coordinates":[139.41075358849932,35.69766556818495]}}
,{"type": "Feature","properties":{"time":"2025-07-02T05:10:15.000Z","provider":"gps","time_long":1751433015000,"accuracy":2.5713894,"altitude":129.57861416263,"bearing":119.985725,"speed":2.5071948},"geometry":{"type":"Point","coordinates":[139.41094040004748,35.69766977641178]}}
,{"type": "Feature","properties":{"time":"2025-07-02T05:10:21.000Z","provider":"gps","time_long":1751433021000,"accuracy":2.5797842,"altitude":130.31996850584662,"bearing":113.73564,"speed":1.7795963},"geometry":{"type":"Point","coordinates":[139.4110342245486,35.69764140927453]}}
,{"type": "Feature","properties":{"time":"2025-07-02T05:10:27.000Z","provider":"gps","time_long":1751433027000,"accuracy":2.6486995,"altitude":131.71889862477008,"bearing":96.86642,"speed":1.3603189},"geometry":{"type":"Point","coordinates":[139.41103108880023,35.697565433921945]}}
,{"type": "Feature","properties":{"time":"2025-07-02T05:10:33.000Z","provider":"gps","time_long":1751433033000,"accuracy":2.5993254,"altitude":134.13094528697164,"bearing":96.049385,"speed":1.8034234},"geometry":{"type":"Point","coordinates":[139.41112230812257,35.69752271657462]}}
,{"type": "Feature","properties":{"time":"2025-07-02T05:10:39.000Z","provider":"gps","time_long":1751433039000,"accuracy":2.7354743,"altitude":136.39900658548063,"bearing":115.986786,"speed":1.584861},"geometry":{"type":"Point","coordinates":[139.41117086858023,35.697476471099115]}}
,{"type": "Feature","properties":{"time":"2025-07-02T05:10:45.000Z","provider":"gps","time_long":1751433045000,"accuracy":3.3433738,"altitude":133.98937068697867,"bearing":71.18377,"speed":1.4422646},"geometry":{"type":"Point","coordinates":[139.41125948326547,35.697457801350566]}}
,{"type": "Feature","properties":{"time":"2025-07-02T05:10:51.000Z","provider":"gps","time_long":1751433051000,"accuracy":3.3416595,"altitude":136.92008191054737,"bearing":89.24243,"speed":1.4008973},"geometry":{"type":"Point","coordinates":[139.411348088514,35.69745475776389]}}
,{"type": "Feature","properties":{"time":"2025-07-02T05:10:57.000Z","provider":"gps","time_long":1751433057000,"accuracy":2.7570014,"altitude":144.00186288529923,"bearing":97.603294,"speed":1.497957},"geometry":{"type":"Point","coordinates":[139.41144810642604,35.69743491251739]}}
,{"type": "Feature","properties":{"time":"2025-07-02T05:11:03.000Z","provider":"gps","time_long":1751433063000,"accuracy":3.2129855,"altitude":142.99535605653332,"bearing":87.208336,"speed":1.3526157},"geometry":{"type":"Point","coordinates":[139.41153668985135,35.69738844031666]}}
,{"type": "Feature","properties":{"time":"2025-07-02T05:11:09.000Z","provider":"gps","time_long":1751433069000,"accuracy":3.1400738,"altitude":136.67396925854487,"bearing":97.342964,"speed":1.8720726},"geometry":{"type":"Point","coordinates":[139.41168088335277,35.69734427134983]}}
,{"type": "Feature","properties":{"time":"2025-07-02T05:11:15.000Z","provider":"gps","time_long":1751433075000,"accuracy":2.9100418,"altitude":133.4981718903677,"bearing":104.57799,"speed":1.9833001},"geometry":{"type":"Point","coordinates":[139.4118236650122,35.69735399939219]}}
,{"type": "Feature","properties":{"time":"2025-07-02T05:11:27.000Z","provider":"gps","time_long":1751433087000,"accuracy":2.873945,"altitude":135.28821748872153,"bearing":116.80028,"speed":0.6892854},"geometry":{"type":"Point","coordinates":[139.41190179256915,35.69726220929028]}}
,{"type": "Feature","properties":{"time":"2025-07-02T05:11:33.000Z","provider":"gps","time_long":1751433093000,"accuracy":2.8300831,"altitude":137.7634935811164,"bearing":84.31178,"speed":1.8732556},"geometry":{"type":"Point","coordinates":[139.41203128612946,35.6972371434612]}}
,{"type": "Feature","properties":{"time":"2025-07-02T05:11:39.000Z","provider":"gps","time_long":1751433099000,"accuracy":2.6638777,"altitude":141.2725533445309,"bearing":72.87909,"speed":1.4861214},"geometry":{"type":"Point","coordinates":[139.41211199108741,35.69724652846248]}}
,{"type": "Feature","properties":{"time":"2025-07-02T05:11:45.000Z","provider":"gps","time_long":1751433105000,"accuracy":2.9233668,"altitude":143.92027242562452,"bearing":133.90831,"speed":0.28334886},"geometry":{"type":"Point","coordinates":[139.41217607035372,35.69723069422062]}}
,{"type": "Feature","properties":{"time":"2025-07-02T05:11:51.000Z","provider":"gps","time_long":1751433111000,"accuracy":3.1670728,"altitude":144.88344439534066,"bearing":107.8931,"speed":0.93958366},"geometry":{"type":"Point","coordinates":[139.41225316917274,35.69719200271438]}}
,{"type": "Feature","properties":{"time":"2025-07-02T05:11:57.000Z","provider":"gps","time_long":1751433117000,"accuracy":3.2757053,"altitude":143.7524736180708,"bearing":115.47648,"speed":2.1104023},"geometry":{"type":"Point","coordinates":[139.41240811745084,35.69715657425128]}}
,{"type": "Feature","properties":{"time":"2025-07-02T05:12:03.000Z","provider":"gps","time_long":1751433123000,"accuracy":3.047038,"altitude":144.33023384367633,"bearing":85.45156,"speed":1.2793028},"geometry":{"type":"Point","coordinates":[139.4124636972875,35.69712023492237]}}
,{"type": "Feature","properties":{"time":"2025-07-02T05:12:09.000Z","provider":"gps","time_long":1751433129000,"accuracy":3.7959723,"altitude":140.61229191407608,"bearing":96.05606,"speed":2.0993385},"geometry":{"type":"Point","coordinates":[139.41260808073375,35.697075606908605]}}
,{"type": "Feature","properties":{"time":"2025-07-02T05:12:15.000Z","provider":"gps","time_long":1751433135000,"accuracy":3.2554107,"altitude":134.5237352438167,"bearing":105.503685,"speed":1.9962631},"geometry":{"type":"Point","coordinates":[139.41267834746114,35.696988693545975]}}
,{"type": "Feature","properties":{"time":"2025-07-02T05:12:21.000Z","provider":"gps","time_long":1751433141000,"accuracy":3.8700433,"altitude":132.43587547033965,"bearing":75.28609,"speed":1.7992513},"geometry":{"type":"Point","coordinates":[139.41278758799334,35.69701549473516]}}
]}